Pclass,Sex,Age,SibSp,Parch,Fare,Embarked,Survived
-0.39365191738523114,-0.3466663762441585,-0.47449159888392095,-0.48546160391537146,-0.38617036208155714,0.6096964803273209,0.7676494735787386,0
0.8144522428659949,2.76875203095302e-16,-0.47449159888392095,-0.48546160391537146,-0.49322897718000136,-1.9011503417504223,0.7676494735787386,0
0.8144522428659949,-0.9701339069882248,2.8100446911681094,1.93407902999884,-0.4892519572140995,0.6096964803273209,-1.3026778945578592,1
0.8144522428659949,-0.7363335829591999,-0.47449159888392095,-0.48546160391537146,-0.5687212657768723,-1.4994148502179834,0.7676494735787386,0
-1.6017560776364572,1.4458027746450317,0.3466424736290867,-0.48546160391537146,0.9082744837353528,-1.4994148502179834,0.7676494735787386,1
0.8144522428659949,0.27680115449990766,-0.47449159888392095,-0.48546160391537146,-0.45726111734537944,0.6096964803273209,0.7676494735787386,0
-1.6017560776364572,-0.8142670243022082,0.3466424736290867,-0.48546160391537146,1.1997465803170242,-1.4994148502179834,-1.3026778945578592,1
0.8144522428659949,-2.217068968476357,-0.47449159888392095,1.93407902999884,-0.3304819267367509,-1.4994148502179834,-1.3026778945578592,1
-0.39365191738523114,0.27680115449990766,-0.47449159888392095,1.93407902999884,-0.12211898538736002,0.6096964803273209,-1.3026778945578592,1
0.8144522428659949,-1.593601437732291,0.3466424736290867,0.7243087130417342,-0.32726659343439013,0.6096964803273209,0.7676494735787386,1
0.8144522428659949,0.043000830470882836,-0.47449159888392095,-0.48546160391537146,-0.5033847993605474,-1.4994148502179834,0.7676494735787386,0
-1.6017560776364572,0.5106014785289325,-0.47449159888392095,1.93407902999884,0.7919050108617839,0.6096964803273209,-1.3026778945578592,1
0.8144522428659949,-0.26873293490115024,-0.47449159888392095,-0.48546160391537146,-0.4898450572294433,0.6096964803273209,0.7676494735787386,0
0.8144522428659949,-0.6584001416161916,-0.47449159888392095,-0.48546160391537146,-0.4789275483853564,0.6096964803273209,0.7676494735787386,0
0.8144522428659949,2.76875203095302e-16,6.0945809812201395,1.93407902999884,0.7624531265382003,0.6096964803273209,0.7676494735787386,0
-1.6017560776364572,0.666468361214949,-0.47449159888392095,-0.48546160391537146,-0.6502217387757543,0.6096964803273209,0.7676494735787386,0
-1.6017560776364572,2.7706712774761724,-0.47449159888392095,0.7243087130417342,0.6086777294092444,-1.4994148502179834,0.7676494735787386,0
0.8144522428659949,2.76875203095302e-16,-0.47449159888392095,-0.48546160391537146,-0.4898450572294433,0.6096964803273209,0.7676494735787386,0
0.8144522428659949,0.19886771315689938,-0.47449159888392095,-0.48546160391537146,-0.4898450572294433,0.6096964803273209,0.7676494735787386,0
0.8144522428659949,2.303070629418123,-0.47449159888392095,-0.48546160391537146,-0.5029623171578367,0.6096964803273209,0.7676494735787386,0
-1.6017560776364572,0.666468361214949,-0.47449159888392095,-0.48546160391537146,0.9747098101116126,0.6096964803273209,-1.3026778945578592,1
0.8144522428659949,-0.7363335829591999,-0.47449159888392095,-0.48546160391537146,-0.45726111734537944,0.6096964803273209,0.7676494735787386,0
-1.6017560776364572,2.2251371880751147,-0.47449159888392095,-0.48546160391537146,2.3258566423269476,-1.4994148502179834,-1.3026778945578592,1
-1.6017560776364572,0.8223352439009656,-0.47449159888392095,-0.48546160391537146,-0.08716670777079275,-1.4994148502179834,0.7676494735787386,0
0.8144522428659949,-1.4377345550462743,2.8100446911681094,1.93407902999884,-0.014975061382599287,0.6096964803273209,-1.3026778945578592,0
0.8144522428659949,0.8223352439009656,-0.47449159888392095,-0.48546160391537146,-0.5034701082668639,-1.4994148502179834,0.7676494735787386,0
-1.6017560776364572,0.5106014785289325,0.3466424736290867,1.93407902999884,1.7871755845552963,0.6096964803273209,0.7676494735787386,1
-1.6017560776364572,1.52373621598804,0.3466424736290867,-0.48546160391537146,1.1596310827038674,-1.4994148502179834,0.7676494735787386,1
-1.6017560776364572,0.27680115449990766,0.3466424736290867,-0.48546160391537146,1.1778262537225335,-1.9011503417504223,-1.3026778945578592,1
0.8144522428659949,0.666468361214949,-0.47449159888392095,-0.48546160391537146,-0.474272119497794,0.6096964803273209,0.7676494735787386,0
-1.6017560776364572,0.27680115449990766,0.3466424736290867,-0.48546160391537146,0.42832657679823555,0.6096964803273209,-1.3026778945578592,1
-0.39365191738523114,0.35473459584291595,-0.47449159888392095,-0.48546160391537146,-0.4369494729842874,0.6096964803273209,-1.3026778945578592,1
0.8144522428659949,2.76875203095302e-16,1.1677765461420941,-0.48546160391537146,-0.20988153834276668,-1.4994148502179834,0.7676494735787386,0
-0.39365191738523114,0.19886771315689938,1.1677765461420941,-0.48546160391537146,0.8426841217645141,0.6096964803273209,0.7676494735787386,0
-1.6017560776364572,0.4326680371859242,0.3466424736290867,-0.48546160391537146,0.42832657679823555,0.6096964803273209,-1.3026778945578592,1
-1.6017560776364572,0.12093427181389112,-0.47449159888392095,1.93407902999884,2.6984920386111066,0.6096964803273209,-1.3026778945578592,1
-1.6017560776364572,-0.4245998175871668,-0.47449159888392095,-0.48546160391537146,0.7573752154479273,-1.4994148502179834,-1.3026778945578592,1
0.8144522428659949,-2.217068968476357,3.631178763681117,1.93407902999884,0.3023943817594646,0.6096964803273209,0.7676494735787386,0
0.8144522428659949,-0.8922004656452165,-0.47449159888392095,-0.48546160391537146,-0.5131181393383827,-1.9011503417504223,-1.3026778945578592,0
-1.6017560776364572,0.7444018025579573,0.3466424736290867,0.7243087130417342,1.602000416408528,-1.4994148502179834,-1.3026778945578592,1
0.8144522428659949,2.76875203095302e-16,-0.47449159888392095,-0.48546160391537146,-0.4898450572294433,0.6096964803273209,0.7676494735787386,0
-0.39365191738523114,2.381004070761131,0.3466424736290867,0.7243087130417342,0.1419323913068371,0.6096964803273209,0.7676494735787386,0
0.8144522428659949,2.76875203095302e-16,-0.47449159888392095,-0.48546160391537146,-0.4898450572294433,0.6096964803273209,0.7676494735787386,0
-1.6017560776364572,0.5106014785289325,-0.47449159888392095,0.7243087130417342,9.756026767427066,-1.4994148502179834,0.7676494735787386,1
0.8144522428659949,0.043000830470882836,0.3466424736290867,0.7243087130417342,-0.1596955274553804,0.6096964803273209,-1.3026778945578592,0
0.8144522428659949,-0.6584001416161916,-0.47449159888392095,-0.48546160391537146,-0.4906900216348648,0.6096964803273209,0.7676494735787386,0
-0.39365191738523114,0.23783443382840352,0.3466424736290867,-0.48546160391537146,-0.03943434352222638,-1.4994148502179834,0.7676494735787386,0
-0.39365191738523114,2.303070629418123,-0.47449159888392095,-0.48546160391537146,-0.3760145399010111,0.6096964803273209,0.7676494735787386,0
-1.6017560776364572,0.35473459584291595,-0.47449159888392095,-0.48546160391537146,-0.11094758098875936,0.6096964803273209,0.7676494735787386,1
0.8144522428659949,-0.034932610872125444,-0.47449159888392095,-0.48546160391537146,-0.4898450572294433,-1.4994148502179834,0.7676494735787386,1
0.8144522428659949,2.76875203095302e-16,0.3466424736290867,-0.48546160391537146,-0.1596955274553804,-1.9011503417504223,0.7676494735787386,0
-1.6017560776364572,1.6016696573310483,-0.47449159888392095,0.7243087130417342,4.377332722797248,-1.4994148502179834,-1.3026778945578592,1
0.8144522428659949,0.12093427181389112,-0.47449159888392095,-0.48546160391537146,-0.4922987038682633,0.6096964803273209,0.7676494735787386,0
-0.39365191738523114,-0.8142670243022082,0.3466424736290867,0.7243087130417342,0.09623119149437992,0.6096964803273209,0.7676494735787386,0
0.8144522428659949,-0.8142670243022082,-0.47449159888392095,-0.48546160391537146,-0.6502217387757543,0.6096964803273209,0.7676494735787386,0
0.8144522428659949,-0.07389933154362958,-0.47449159888392095,-0.48546160391537146,-0.5033847993605474,-1.4994148502179834,0.7676494735787386,0
-1.6017560776364572,-0.5804667002731834,-0.47449159888392095,0.7243087130417342,0.4669187010843105,0.6096964803273209,-1.3026778945578592,1
0.8144522428659949,-0.8142670243022082,-0.47449159888392095,-0.48546160391537146,-0.486713001668963,0.6096964803273209,0.7676494735787386,1
0.8144522428659949,2.76875203095302e-16,0.3466424736290867,0.7243087130417342,-0.19608790065714907,-1.4994148502179834,-1.3026778945578592,1
0.8144522428659949,2.76875203095302e-16,1.1677765461420941,-0.48546160391537146,-0.17797600738036326,-1.9011503417504223,-1.3026778945578592,1
-1.6017560776364572,1.4458027746450317,-0.47449159888392095,-0.48546160391537146,-0.11094758098875936,0.6096964803273209,0.7676494735787386,1
-0.39365191738523114,0.27680115449990766,-0.47449159888392095,-0.48546160391537146,-0.40089630424334893,0.6096964803273209,0.7676494735787386,0
-0.39365191738523114,2.76875203095302e-16,-0.47449159888392095,-0.48546160391537146,-0.6502217387757543,0.6096964803273209,0.7676494735787386,0
-0.39365191738523114,-1.2039342310172496,0.3466424736290867,-0.48546160391537146,-0.03943434352222638,-1.4994148502179834,-1.3026778945578592,1
0.8144522428659949,2.76875203095302e-16,-0.47449159888392095,-0.48546160391537146,-0.486713001668963,0.6096964803273209,0.7676494735787386,0
0.8144522428659949,-1.593601437732291,1.1677765461420941,1.93407902999884,0.04799103613678621,0.6096964803273209,-1.3026778945578592,0
-1.6017560776364572,2.2251371880751147,-0.47449159888392095,1.93407902999884,1.650579776226952,-1.4994148502179834,0.7676494735787386,0
0.8144522428659949,-1.8274017617613159,2.8100446911681094,1.93407902999884,-0.014975061382599287,0.6096964803273209,-1.3026778945578592,0
0.8144522428659949,1.3678693333020235,0.3466424736290867,-0.48546160391537146,-0.355702895539919,0.6096964803273209,-1.3026778945578592,0
0.8144522428659949,-0.8922004656452165,1.1677765461420941,-0.48546160391537146,-0.2846121402760967,0.6096964803273209,-1.3026778945578592,0
0.8144522428659949,2.76875203095302e-16,-0.47449159888392095,1.93407902999884,-0.49280649497729057,-1.9011503417504223,-1.3026778945578592,0
0.8144522428659949,2.76875203095302e-16,-0.47449159888392095,-0.48546160391537146,-0.478419757276329,-1.9011503417504223,0.7676494735787386,0
-0.39365191738523114,0.9782021265869821,-0.47449159888392095,-0.48546160391537146,-0.38617036208155714,0.6096964803273209,0.7676494735787386,1
0.8144522428659949,-0.11286605221513371,1.1677765461420941,-0.48546160391537146,-0.4892519572140995,0.6096964803273209,0.7676494735787386,0
0.8144522428659949,2.76875203095302e-16,-0.47449159888392095,-0.48546160391537146,-0.486713001668963,0.6096964803273209,0.7676494735787386,0
0.8144522428659949,2.76875203095302e-16,-0.47449159888392095,-0.48546160391537146,-0.35654989110977653,-1.4994148502179834,0.7676494735787386,0
-0.39365191738523114,1.4458027746450317,0.3466424736290867,1.93407902999884,0.6700351446952314,0.6096964803273209,-1.3026778945578592,1
0.8144522428659949,1.4458027746450317,0.3466424736290867,3.1438493469559456,0.04799103613678621,0.6096964803273209,-1.3026778945578592,0
0.8144522428659949,0.666468361214949,-0.47449159888392095,-0.48546160391537146,-0.4898450572294433,0.6096964803273209,0.7676494735787386,0
-1.6017560776364572,0.043000830470882836,-0.47449159888392095,-0.48546160391537146,1.1067354984587112,0.6096964803273209,-1.3026778945578592,1
0.8144522428659949,2.76875203095302e-16,6.0945809812201395,1.93407902999884,0.7624531265382003,0.6096964803273209,0.7676494735787386,0
0.8144522428659949,0.19886771315689938,-0.47449159888392095,-0.48546160391537146,0.4973008587196321,0.6096964803273209,0.7676494735787386,1
0.8144522428659949,-0.5804667002731834,-0.47449159888392095,-0.48546160391537146,-0.486713001668963,0.6096964803273209,0.7676494735787386,0
-1.6017560776364572,2.76875203095302e-16,-0.47449159888392095,-0.48546160391537146,-0.02056076358189958,0.6096964803273209,0.7676494735787386,0
-1.6017560776364572,0.043000830470882836,-0.47449159888392095,-0.48546160391537146,-0.02056076358189958,-1.4994148502179834,-1.3026778945578592,1
-0.39365191738523114,-0.3466663762441585,0.3466424736290867,-0.48546160391537146,-0.12211898538736002,0.6096964803273209,0.7676494735787386,0
0.8144522428659949,-0.190799493558142,-0.47449159888392095,-0.48546160391537146,-0.49187622166555256,0.6096964803273209,0.7676494735787386,1
0.8144522428659949,2.76875203095302e-16,-0.47449159888392095,-0.48546160391537146,-0.5090558104661643,-1.9011503417504223,0.7676494735787386,0
-0.39365191738523114,1.0561355679299904,0.3466424736290867,0.7243087130417342,-0.11704107429708699,0.6096964803273209,0.7676494735787386,0
-1.6017560776364572,0.12093427181389112,0.3466424736290867,-0.48546160391537146,0.5075419898064947,0.6096964803273209,0.7676494735787386,1
-1.6017560776364572,2.76875203095302e-16,-0.47449159888392095,-0.48546160391537146,0.06068581386246877,0.6096964803273209,0.7676494735787386,0
-1.6017560776364572,0.8223352439009656,0.3466424736290867,0.7243087130417342,2.0816944277911316,-1.4994148502179834,-1.3026778945578592,1
-0.39365191738523114,-0.26873293490115024,0.3466424736290867,0.7243087130417342,-0.12211898538736002,0.6096964803273209,-1.3026778945578592,0
-1.6017560776364572,0.5106014785289325,-0.47449159888392095,-0.48546160391537146,0.16478299121306572,-1.4994148502179834,0.7676494735787386,0
-0.39365191738523114,-2.217068968476357,-0.47449159888392095,1.93407902999884,0.10139441149096948,-1.4994148502179834,0.7676494735787386,1
0.8144522428659949,2.76875203095302e-16,-0.47449159888392095,-0.48546160391537146,-0.4898450572294433,0.6096964803273209,0.7676494735787386,0
-0.39365191738523114,1.6016696573310483,-0.47449159888392095,-0.48546160391537146,-0.4369494729842874,0.6096964803273209,-1.3026778945578592,1
0.8144522428659949,-0.6584001416161916,-0.47449159888392095,-0.48546160391537146,-0.49280649497729057,-1.9011503417504223,-1.3026778945578592,0
0.8144522428659949,2.76875203095302e-16,-0.47449159888392095,-0.48546160391537146,-0.5034701082668639,-1.4994148502179834,-1.3026778945578592,1
0.8144522428659949,-1.7494683204183075,2.8100446911681094,0.7243087130417342,0.1558966468050879,0.6096964803273209,0.7676494735787386,0
-0.39365191738523114,-1.048067348331233,-0.47449159888392095,-0.48546160391537146,-0.12211898538736002,0.6096964803273209,0.7676494735787386,0
0.8144522428659949,2.76875203095302e-16,-0.47449159888392095,-0.48546160391537146,-0.486713001668963,0.6096964803273209,0.7676494735787386,0
-1.6017560776364572,-1.048067348331233,-0.47449159888392095,0.7243087130417342,0.15005704905127393,0.6096964803273209,-1.3026778945578592,1
-1.6017560776364572,-0.4245998175871668,-0.47449159888392095,-0.48546160391537146,0.9584604946227391,-1.4994148502179834,0.7676494735787386,0
-0.39365191738523114,0.043000830470882836,-0.47449159888392095,-0.48546160391537146,-0.38617036208155714,0.6096964803273209,0.7676494735787386,0
0.8144522428659949,2.76875203095302e-16,-0.47449159888392095,-0.48546160391537146,-0.4898450572294433,0.6096964803273209,0.7676494735787386,0
-0.39365191738523114,2.8486047188191805,-0.47449159888392095,-0.48546160391537146,-0.4369494729842874,0.6096964803273209,0.7676494735787386,0
0.8144522428659949,-0.5804667002731834,-0.47449159888392095,-0.48546160391537146,-0.5029623171578367,0.6096964803273209,-1.3026778945578592,1
-1.6017560776364572,2.76875203095302e-16,0.3466424736290867,-0.48546160391537146,2.3258566423269476,-1.4994148502179834,-1.3026778945578592,1
0.8144522428659949,-2.236552328812109,1.1677765461420941,0.7243087130417342,-0.2590539981765346,-1.4994148502179834,-1.3026778945578592,1
0.8144522428659949,2.76875203095302e-16,-0.47449159888392095,-0.48546160391537146,-0.355702895539919,0.6096964803273209,0.7676494735787386,0
0.8144522428659949,-0.8142670243022082,-0.47449159888392095,-0.48546160391537146,-0.4436360663079589,0.6096964803273209,0.7676494735787386,0
-0.39365191738523114,-0.3466663762441585,-0.47449159888392095,0.7243087130417342,-0.12211898538736002,0.6096964803273209,-1.3026778945578592,1
-0.39365191738523114,2.76875203095302e-16,-0.47449159888392095,-0.48546160391537146,-0.6502217387757543,0.6096964803273209,0.7676494735787386,0
-0.39365191738523114,-0.4245998175871668,1.1677765461420941,-0.48546160391537146,0.8426841217645141,0.6096964803273209,0.7676494735787386,0
-0.39365191738523114,0.12093427181389112,-0.47449159888392095,-0.48546160391537146,-0.38617036208155714,0.6096964803273209,0.7676494735787386,1
0.8144522428659949,-0.6584001416161916,-0.47449159888392095,-0.48546160391537146,-0.491790912759236,0.6096964803273209,0.7676494735787386,0
0.8144522428659949,3.1993052048627177,-0.47449159888392095,-0.48546160391537146,-0.49280649497729057,-1.9011503417504223,0.7676494735787386,0
0.8144522428659949,-2.236552328812109,1.1677765461420941,0.7243087130417342,-0.2590539981765346,-1.4994148502179834,-1.3026778945578592,1
0.8144522428659949,-1.593601437732291,1.9889106186551018,1.93407902999884,-0.08352686110128507,0.6096964803273209,-1.3026778945578592,0
0.8144522428659949,0.9002686852439739,-0.47449159888392095,1.93407902999884,-0.2396726271271805,0.6096964803273209,-1.3026778945578592,0
0.8144522428659949,-0.8922004656452165,-0.47449159888392095,-0.48546160391537146,-0.49187622166555256,0.6096964803273209,0.7676494735787386,0
-0.39365191738523114,-1.905335203104324,0.3466424736290867,1.93407902999884,-0.08657360775544887,0.6096964803273209,-1.3026778945578592,1
0.8144522428659949,-0.6584001416161916,1.1677765461420941,1.93407902999884,0.04799103613678621,0.6096964803273209,-1.3026778945578592,0
-1.6017560776364572,-0.4245998175871668,-0.47449159888392095,0.7243087130417342,4.377332722797248,-1.4994148502179834,0.7676494735787386,0
0.8144522428659949,-1.1260007896742412,-0.47449159888392095,-0.48546160391537146,-0.4871354838716737,-1.9011503417504223,-1.3026778945578592,1
-0.39365191738523114,0.9002686852439739,-0.47449159888392095,0.7243087130417342,-0.2541446737344586,0.6096964803273209,-1.3026778945578592,1
-1.6017560776364572,0.4326680371859242,-0.47449159888392095,-0.48546160391537146,9.756026767427066,-1.4994148502179834,0.7676494735787386,1
0.8144522428659949,0.043000830470882836,-0.47449159888392095,-0.48546160391537146,-0.486713001668963,0.6096964803273209,0.7676494735787386,0
0.8144522428659949,-0.9701339069882248,-0.47449159888392095,-0.48546160391537146,-0.35654989110977653,-1.4994148502179834,-1.3026778945578592,0
0.8144522428659949,-2.061202085790341,2.8100446911681094,1.93407902999884,-0.012690001391976412,0.6096964803273209,0.7676494735787386,1
-0.39365191738523114,-0.4245998175871668,0.3466424736290867,1.93407902999884,0.6700351446952314,0.6096964803273209,-1.3026778945578592,1
-1.6017560776364572,1.8354699813600732,1.1677765461420941,-0.48546160391537146,0.39540546361777745,0.6096964803273209,-1.3026778945578592,1
0.8144522428659949,-0.26873293490115024,-0.47449159888392095,-0.48546160391537146,-0.4892519572140995,0.6096964803273209,-1.3026778945578592,1
-0.39365191738523114,1.1340690092729986,0.3466424736290867,-0.48546160391537146,-0.12211898538736002,0.6096964803273209,0.7676494735787386,0
0.8144522428659949,2.76875203095302e-16,-0.47449159888392095,-0.48546160391537146,-0.4898450572294433,0.6096964803273209,0.7676494735787386,0
-1.6017560776364572,-0.11286605221513371,-0.47449159888392095,-0.48546160391537146,0.07084163604301481,0.6096964803273209,0.7676494735787386,1
0.8144522428659949,-1.1260007896742412,-0.47449159888392095,-0.48546160391537146,-0.5034701082668639,-1.4994148502179834,-1.3026778945578592,1
0.8144522428659949,-0.3466663762441585,-0.47449159888392095,-0.48546160391537146,-0.5029623171578367,0.6096964803273209,0.7676494735787386,0
0.8144522428659949,2.76875203095302e-16,6.0945809812201395,1.93407902999884,0.7624531265382003,0.6096964803273209,-1.3026778945578592,0
0.8144522428659949,2.76875203095302e-16,-0.47449159888392095,-0.48546160391537146,-0.45726111734537944,0.6096964803273209,0.7676494735787386,0
-0.39365191738523114,0.5106014785289325,-0.47449159888392095,-0.48546160391537146,-0.38617036208155714,0.6096964803273209,-1.3026778945578592,1
-1.6017560776364572,0.12093427181389112,0.3466424736290867,-0.48546160391537146,1.650579776226952,-1.4994148502179834,-1.3026778945578592,1
-1.6017560776364572,-0.190799493558142,-0.47449159888392095,-0.48546160391537146,-0.030716585762445625,0.6096964803273209,0.7676494735787386,1
-1.6017560776364572,0.9002686852439739,-0.47449159888392095,-0.48546160391537146,2.0816944277911316,-1.4994148502179834,-1.3026778945578592,1
0.8144522428659949,-0.8922004656452165,-0.47449159888392095,-0.48546160391537146,-0.4503206284671943,0.6096964803273209,-1.3026778945578592,1
0.8144522428659949,-0.5804667002731834,-0.47449159888392095,-0.48546160391537146,-0.4603078639995432,0.6096964803273209,0.7676494735787386,0
0.8144522428659949,0.08196755114238698,-0.47449159888392095,-0.48546160391537146,-0.49280649497729057,-1.9011503417504223,-1.3026778945578592,0
-1.6017560776364572,1.2899358919590151,0.3466424736290867,-0.48546160391537146,0.5923431050140541,0.6096964803273209,0.7676494735787386,0
-1.6017560776364572,-0.11286605221513371,0.3466424736290867,-0.48546160391537146,1.0188023276906712,-1.4994148502179834,0.7676494735787386,0
-1.6017560776364572,2.2251371880751147,-0.47449159888392095,-0.48546160391537146,-0.11094758098875936,0.6096964803273209,-1.3026778945578592,1
-0.39365191738523114,-0.034932610872125444,0.3466424736290867,-0.48546160391537146,-0.12211898538736002,0.6096964803273209,-1.3026778945578592,1
0.8144522428659949,-0.8922004656452165,-0.47449159888392095,0.7243087130417342,-0.356633168851657,-1.4994148502179834,-1.3026778945578592,0
0.8144522428659949,2.76875203095302e-16,6.0945809812201395,1.93407902999884,0.7624531265382003,0.6096964803273209,-1.3026778945578592,0
0.8144522428659949,-0.26873293490115024,-0.47449159888392095,-0.48546160391537146,-0.4898450572294433,0.6096964803273209,0.7676494735787386,0
-1.6017560776364572,2.76875203095302e-16,-0.47449159888392095,-0.48546160391537146,0.9584604946227391,-1.4994148502179834,-1.3026778945578592,1
0.8144522428659949,0.27680115449990766,-0.47449159888392095,-0.48546160391537146,-0.474272119497794,-1.4994148502179834,0.7676494735787386,0
-1.6017560776364572,-2.223303643783798,0.3466424736290867,1.93407902999884,2.428007964147752,0.6096964803273209,0.7676494735787386,1
-0.39365191738523114,-1.6715348790752993,-0.47449159888392095,1.93407902999884,-0.11704107429708699,0.6096964803273209,-1.3026778945578592,1
0.8144522428659949,-0.11286605221513371,-0.47449159888392095,-0.48546160391537146,-0.4898450572294433,0.6096964803273209,0.7676494735787386,0
0.8144522428659949,0.666468361214949,-0.47449159888392095,-0.48546160391537146,-0.507024646030055,0.6096964803273209,0.7676494735787386,0
0.8144522428659949,0.4326680371859242,-0.47449159888392095,-0.48546160391537146,-0.507024646030055,0.6096964803273209,0.7676494735787386,0
0.8144522428659949,-0.4245998175871668,-0.47449159888392095,-0.48546160391537146,-0.4898450572294433,0.6096964803273209,0.7676494735787386,0
-0.39365191738523114,-0.11286605221513371,0.3466424736290867,-0.48546160391537146,-0.12211898538736002,0.6096964803273209,-1.3026778945578592,1
0.8144522428659949,0.4326680371859242,-0.47449159888392095,-0.48546160391537146,-0.5055012727029732,0.6096964803273209,0.7676494735787386,0
0.8144522428659949,0.043000830470882836,-0.47449159888392095,-0.48546160391537146,-0.474272119497794,0.6096964803273209,-1.3026778945578592,0
0.8144522428659949,-0.8922004656452165,-0.47449159888392095,-0.48546160391537146,-0.4979697149738802,0.6096964803273209,-1.3026778945578592,1
0.8144522428659949,-0.190799493558142,-0.47449159888392095,1.93407902999884,-0.42408610861040774,0.6096964803273209,-1.3026778945578592,1
0.8144522428659949,0.3937013165144201,-0.47449159888392095,-0.48546160391537146,-0.5194655282012239,-1.4994148502179834,0.7676494735787386,0
0.8144522428659949,-0.6584001416161916,-0.47449159888392095,-0.48546160391537146,-0.5029623171578367,0.6096964803273209,0.7676494735787386,0
-1.6017560776364572,2.6927378361331638,0.3466424736290867,4.353619663913051,4.691740728191465,0.6096964803273209,0.7676494735787386,0
0.8144522428659949,-1.9832686444473324,1.9889106186551018,1.93407902999884,-0.08352686110128507,0.6096964803273209,0.7676494735787386,0
-0.39365191738523114,0.4326680371859242,-0.47449159888392095,-0.48546160391537146,-0.12211898538736002,0.6096964803273209,0.7676494735787386,0
-0.39365191738523114,0.19886771315689938,0.3466424736290867,-0.48546160391537146,-0.12211898538736002,0.6096964803273209,0.7676494735787386,1
-1.6017560776364572,1.7575365400170648,0.3466424736290867,0.7243087130417342,0.9676007345852305,0.6096964803273209,0.7676494735787386,0
0.8144522428659949,-0.9701339069882248,0.3466424736290867,-0.48546160391537146,-0.5069393371237384,0.6096964803273209,0.7676494735787386,0
-1.6017560776364572,-0.6584001416161916,-0.47449159888392095,-0.48546160391537146,0.9332395258195708,0.6096964803273209,-1.3026778945578592,1
0.8144522428659949,-0.9701339069882248,-0.47449159888392095,-0.48546160391537146,-0.474272119497794,0.6096964803273209,0.7676494735787386,0
-1.6017560776364572,2.4589375121041392,-0.47449159888392095,-0.48546160391537146,0.0062668562902308145,0.6096964803273209,0.7676494735787386,0
0.8144522428659949,-1.048067348331233,0.3466424736290867,3.1438493469559456,0.04799103613678621,0.6096964803273209,0.7676494735787386,0
-1.6017560776364572,2.381004070761131,0.3466424736290867,-0.48546160391537146,0.8782294993964253,-1.4994148502179834,-1.3026778945578592,1
-0.39365191738523114,-0.5025332589301751,1.1677765461420941,0.7243087130417342,-0.41663782862319526,0.6096964803273209,0.7676494735787386,0
-1.6017560776364572,-0.5804667002731834,-0.47449159888392095,-0.48546160391537146,2.104713614345557,-1.4994148502179834,0.7676494735787386,0
-1.6017560776364572,2.069270305389098,-0.47449159888392095,0.7243087130417342,1.0388600764972498,-1.4994148502179834,-1.3026778945578592,1
-0.39365191738523114,-0.4245998175871668,-0.47449159888392095,-0.48546160391537146,-0.38617036208155714,0.6096964803273209,0.7676494735787386,0
0.8144522428659949,-1.4377345550462743,-0.47449159888392095,-0.48546160391537146,-0.26861672034173667,-1.4994148502179834,0.7676494735787386,0
0.8144522428659949,1.1340690092729986,-0.47449159888392095,-0.48546160391537146,-0.486713001668963,0.6096964803273209,0.7676494735787386,0
-0.39365191738523114,0.7444018025579573,-0.47449159888392095,-0.48546160391537146,-0.38617036208155714,0.6096964803273209,0.7676494735787386,0
-0.39365191738523114,-0.8142670243022082,-0.47449159888392095,-0.48546160391537146,-0.38617036208155714,0.6096964803273209,0.7676494735787386,0
0.8144522428659949,-0.8922004656452165,0.3466424736290867,-0.48546160391537146,-0.2886744691483151,0.6096964803273209,-1.3026778945578592,0
0.8144522428659949,-0.7363335829591999,-0.47449159888392095,-0.48546160391537146,-0.4892519572140995,0.6096964803273209,0.7676494735787386,0
0.8144522428659949,-1.7494683204183075,2.8100446911681094,0.7243087130417342,-0.058645096758947246,-1.9011503417504223,0.7676494735787386,0
0.8144522428659949,2.76875203095302e-16,-0.47449159888392095,-0.48546160391537146,0.4973008587196321,0.6096964803273209,0.7676494735787386,1
-0.39365191738523114,0.8223352439009656,-0.47449159888392095,-0.48546160391537146,-0.38617036208155714,0.6096964803273209,-1.3026778945578592,1
-1.6017560776364572,1.4458027746450317,0.3466424736290867,-0.48546160391537146,0.1541193779234924,-1.4994148502179834,-1.3026778945578592,1
-0.39365191738523114,1.9134034227030814,-0.47449159888392095,-0.48546160391537146,-0.12211898538736002,0.6096964803273209,0.7676494735787386,0
-1.6017560776364572,-0.034932610872125444,-0.47449159888392095,-0.48546160391537146,3.6423904013865447,0.6096964803273209,-1.3026778945578592,1
-1.6017560776364572,0.27680115449990766,-0.47449159888392095,-0.48546160391537146,1.1067354984587112,0.6096964803273209,-1.3026778945578592,1
0.8144522428659949,-0.5804667002731834,-0.47449159888392095,-0.48546160391537146,-0.49280649497729057,-1.9011503417504223,-1.3026778945578592,1
-0.39365191738523114,0.9782021265869821,0.3466424736290867,-0.48546160391537146,-0.10180734102626793,0.6096964803273209,0.7676494735787386,0
-0.39365191738523114,0.12093427181389112,0.3466424736290867,0.7243087130417342,0.10139441149096948,-1.4994148502179834,0.7676494735787386,0
-0.39365191738523114,0.35473459584291595,-0.47449159888392095,-0.48546160391537146,-0.38617036208155714,0.6096964803273209,-1.3026778945578592,1
0.8144522428659949,2.76875203095302e-16,-0.47449159888392095,-0.48546160391537146,-0.4901822305258375,-1.9011503417504223,-1.3026778945578592,1
-0.39365191738523114,-0.5025332589301751,-0.47449159888392095,-0.48546160391537146,-0.34461680004763495,-1.4994148502179834,0.7676494735787386,0
-1.6017560776364572,2.4589375121041392,-0.47449159888392095,-0.48546160391537146,0.030218347320830636,0.6096964803273209,0.7676494735787386,0
-0.39365191738523114,3.1603384841912137,-0.47449159888392095,-0.48546160391537146,-0.4369494729842874,0.6096964803273209,0.7676494735787386,0
-1.6017560776364572,0.8223352439009656,-0.47449159888392095,-0.48546160391537146,-0.6502217387757543,0.6096964803273209,0.7676494735787386,0
-0.39365191738523114,0.12093427181389112,-0.47449159888392095,-0.48546160391537146,-0.4369494729842874,0.6096964803273209,0.7676494735787386,0
0.8144522428659949,-0.3466663762441585,-0.47449159888392095,-0.48546160391537146,-0.507024646030055,0.6096964803273209,0.7676494735787386,0
0.8144522428659949,0.7444018025579573,-0.47449159888392095,-0.48546160391537146,-0.4892519572140995,0.6096964803273209,0.7676494735787386,0
0.8144522428659949,-0.8142670243022082,-0.47449159888392095,-0.48546160391537146,-0.4898450572294433,0.6096964803273209,0.7676494735787386,0
0.8144522428659949,-0.11286605221513371,0.3466424736290867,-0.48546160391537146,-0.32828217565244466,0.6096964803273209,0.7676494735787386,0
0.8144522428659949,-1.048067348331233,-0.47449159888392095,-0.48546160391537146,-0.4931456994381208,-1.9011503417504223,-1.3026778945578592,1
0.8144522428659949,2.76875203095302e-16,-0.47449159888392095,-0.48546160391537146,-0.5034701082668639,-1.4994148502179834,0.7676494735787386,0
0.8144522428659949,2.7706712774761724,-0.47449159888392095,-0.48546160391537146,-0.49280649497729057,-1.9011503417504223,0.7676494735787386,0
-0.39365191738523114,0.5106014785289325,-0.47449159888392095,-0.48546160391537146,-0.38617036208155714,0.6096964803273209,0.7676494735787386,0
-1.6017560776364572,0.043000830470882836,-0.47449159888392095,-0.48546160391537146,-0.08657360775544887,-1.4994148502179834,0.7676494735787386,0
-0.39365191738523114,0.043000830470882836,-0.47449159888392095,-0.48546160391537146,-0.39937293091626697,-1.9011503417504223,-1.3026778945578592,1
0.8144522428659949,-0.26873293490115024,1.1677765461420941,-0.48546160391537146,-0.474272119497794,0.6096964803273209,0.7676494735787386,0
0.8144522428659949,-1.9832686444473324,0.3466424736290867,0.7243087130417342,-0.42408610861040774,0.6096964803273209,0.7676494735787386,1
-1.6017560776364572,0.5885349198719407,0.3466424736290867,-0.48546160391537146,0.42832657679823555,0.6096964803273209,0.7676494735787386,0
0.8144522428659949,0.043000830470882836,-0.47449159888392095,-0.48546160391537146,-0.5029623171578367,0.6096964803273209,0.7676494735787386,0
-0.39365191738523114,1.212002450616007,-0.47449159888392095,-0.48546160391537146,-0.3760145399010111,0.6096964803273209,-1.3026778945578592,1
0.8144522428659949,-2.217068968476357,2.8100446911681094,0.7243087130417342,0.1558966468050879,0.6096964803273209,0.7676494735787386,0
0.8144522428659949,0.7444018025579573,-0.47449159888392095,5.563389980870157,-0.058645096758947246,-1.9011503417504223,-1.3026778945578592,0
0.8144522428659949,-2.139135527133349,-0.47449159888392095,0.7243087130417342,-0.43771115964782836,0.6096964803273209,-1.3026778945578592,0
0.8144522428659949,0.9002686852439739,-0.47449159888392095,-0.48546160391537146,-0.5055012727029732,0.6096964803273209,0.7676494735787386,0
-1.6017560776364572,-0.6584001416161916,1.1677765461420941,1.93407902999884,4.679045950465782,-1.4994148502179834,-1.3026778945578592,1
0.8144522428659949,1.4458027746450317,-0.47449159888392095,-0.48546160391537146,-0.4906900216348648,0.6096964803273209,0.7676494735787386,0
-1.6017560776364572,1.9913368640460898,-0.47449159888392095,-0.48546160391537146,-0.030716585762445625,0.6096964803273209,0.7676494735787386,0
-1.6017560776364572,1.9134034227030814,0.3466424736290867,-0.48546160391537146,0.5562899362731156,-1.4994148502179834,-1.3026778945578592,1
-1.6017560776364572,-0.6584001416161916,-0.47449159888392095,0.7243087130417342,0.9196144747821503,0.6096964803273209,0.7676494735787386,0
0.8144522428659949,-0.5804667002731834,-0.47449159888392095,-0.48546160391537146,-0.4674169395259255,0.6096964803273209,0.7676494735787386,0
0.8144522428659949,1.6016696573310483,-0.47449159888392095,-0.48546160391537146,-0.486713001668963,0.6096964803273209,0.7676494735787386,0
-1.6017560776364572,2.76875203095302e-16,0.3466424736290867,-0.48546160391537146,0.40598376800103425,0.6096964803273209,-1.3026778945578592,1
-0.39365191738523114,0.4326680371859242,-0.47449159888392095,-0.48546160391537146,-0.4369494729842874,0.6096964803273209,0.7676494735787386,0
-0.39365191738523114,-0.9701339069882248,-0.47449159888392095,-0.48546160391537146,-0.4369494729842874,0.6096964803273209,-1.3026778945578592,1
-1.6017560776364572,1.6796030986740567,0.3466424736290867,-0.48546160391537146,0.9332395258195708,0.6096964803273209,-1.3026778945578592,1
0.8144522428659949,-0.034932610872125444,-0.47449159888392095,-0.48546160391537146,-0.4922987038682633,0.6096964803273209,0.7676494735787386,0
0.8144522428659949,-0.9701339069882248,-0.47449159888392095,-0.48546160391537146,-0.474272119497794,0.6096964803273209,0.7676494735787386,0
0.8144522428659949,0.5106014785289325,0.3466424736290867,-0.48546160391537146,-0.296799126892752,0.6096964803273209,-1.3026778945578592,1
-1.6017560776364572,2.76875203095302e-16,-0.47449159888392095,-0.48546160391537146,-0.026739565796543827,-1.4994148502179834,0.7676494735787386,0
0.8144522428659949,-1.048067348331233,-0.47449159888392095,-0.48546160391537146,-0.45726111734537944,0.6096964803273209,0.7676494735787386,0
-1.6017560776364572,0.5885349198719407,-0.47449159888392095,0.7243087130417342,-0.04696590125131931,-1.4994148502179834,0.7676494735787386,0
0.8144522428659949,-2.139135527133349,2.8100446911681094,1.93407902999884,-0.014975061382599287,0.6096964803273209,-1.3026778945578592,0
0.8144522428659949,-0.8922004656452165,0.3466424736290867,0.7243087130417342,-0.4906900216348648,0.6096964803273209,0.7676494735787386,0
-0.39365191738523114,-0.6584001416161916,-0.47449159888392095,-0.48546160391537146,-0.4369494729842874,0.6096964803273209,-1.3026778945578592,1
-0.39365191738523114,-0.4245998175871668,-0.47449159888392095,-0.48546160391537146,-0.38617036208155714,0.6096964803273209,-1.3026778945578592,1
0.8144522428659949,-0.6584001416161916,-0.47449159888392095,-0.48546160391537146,-0.474272119497794,0.6096964803273209,0.7676494735787386,0
-1.6017560776364572,-0.5804667002731834,-0.47449159888392095,1.93407902999884,0.355204657098304,-1.4994148502179834,-1.3026778945578592,1
0.8144522428659949,0.08196755114238698,-0.47449159888392095,-0.48546160391537146,-0.486713001668963,0.6096964803273209,0.7676494735787386,0
0.8144522428659949,-0.11286605221513371,-0.47449159888392095,-0.48546160391537146,-0.49187622166555256,0.6096964803273209,0.7676494735787386,0
0.8144522428659949,0.7444018025579573,-0.47449159888392095,-0.48546160391537146,-0.1596955274553804,0.6096964803273209,0.7676494735787386,0
0.8144522428659949,-2.061202085790341,0.3466424736290867,0.7243087130417342,-0.32726659343439013,0.6096964803273209,0.7676494735787386,1
-1.6017560776364572,0.8223352439009656,-0.47449159888392095,-0.48546160391537146,-0.02056076358189958,-1.4994148502179834,0.7676494735787386,1
-0.39365191738523114,2.76875203095302e-16,-0.47449159888392095,-0.48546160391537146,0.02006252514028459,0.6096964803273209,-1.3026778945578592,1
-0.39365191738523114,-0.8922004656452165,-0.47449159888392095,1.93407902999884,-0.38617036208155714,0.6096964803273209,-1.3026778945578592,1
0.8144522428659949,-1.593601437732291,-0.47449159888392095,1.93407902999884,-0.2333252382643392,0.6096964803273209,0.7676494735787386,1
-0.39365191738523114,-0.5025332589301751,-0.47449159888392095,-0.48546160391537146,-0.4369494729842874,0.6096964803273209,0.7676494735787386,0
-1.6017560776364572,0.27680115449990766,-0.47449159888392095,-0.48546160391537146,-0.5486635169702938,0.6096964803273209,0.7676494735787386,0
0.8144522428659949,-2.061202085790341,1.9889106186551018,0.7243087130417342,-0.22215383386573856,0.6096964803273209,-1.3026778945578592,0
0.8144522428659949,-2.217068968476357,0.3466424736290867,1.93407902999884,-0.2323096560462846,0.6096964803273209,0.7676494735787386,1
-1.6017560776364572,1.6016696573310483,1.1677765461420941,-0.48546160391537146,2.0644295300842033,0.6096964803273209,0.7676494735787386,1
0.8144522428659949,2.76875203095302e-16,-0.47449159888392095,-0.48546160391537146,-0.486713001668963,0.6096964803273209,0.7676494735787386,0
-1.6017560776364572,2.6927378361331638,-0.47449159888392095,-0.48546160391537146,-0.12211898538736002,0.6096964803273209,0.7676494735787386,0
0.8144522428659949,-0.6584001416161916,-0.47449159888392095,-0.48546160391537146,-0.4931456994381208,-1.9011503417504223,0.7676494735787386,0
0.8144522428659949,2.76875203095302e-16,0.3466424736290867,-0.48546160391537146,-0.2446652293111369,0.6096964803273209,0.7676494735787386,0
-1.6017560776364572,1.9134034227030814,0.3466424736290867,-0.48546160391537146,0.9395036369405317,-1.4994148502179834,-1.3026778945578592,1
-1.6017560776364572,2.76875203095302e-16,0.3466424736290867,-0.48546160391537146,2.0644295300842033,0.6096964803273209,-1.3026778945578592,1
0.8144522428659949,-0.034932610872125444,0.3466424736290867,0.7243087130417342,-0.43771115964782836,0.6096964803273209,-1.3026778945578592,0
0.8144522428659949,2.76875203095302e-16,-0.47449159888392095,-0.48546160391537146,-0.3435159089232637,0.6096964803273209,0.7676494735787386,0
-0.39365191738523114,-0.11286605221513371,-0.47449159888392095,0.7243087130417342,0.02006252514028459,0.6096964803273209,0.7676494735787386,0
0.8144522428659949,-2.139135527133349,2.8100446911681094,0.7243087130417342,-0.058645096758947246,-1.9011503417504223,0.7676494735787386,0
0.8144522428659949,-1.8274017617613159,-0.47449159888392095,0.7243087130417342,-0.39683397537113047,0.6096964803273209,0.7676494735787386,1
-0.39365191738523114,0.043000830470882836,0.3466424736290867,-0.48546160391537146,-0.1627422741095442,-1.4994148502179834,0.7676494735787386,0
0.8144522428659949,2.76875203095302e-16,0.3466424736290867,-0.48546160391537146,-0.32320426456217166,0.6096964803273209,-1.3026778945578592,1
0.8144522428659949,2.76875203095302e-16,0.3466424736290867,-0.48546160391537146,-0.32320426456217166,0.6096964803273209,-1.3026778945578592,1
0.8144522428659949,2.76875203095302e-16,0.3466424736290867,-0.48546160391537146,-0.35654989110977653,-1.4994148502179834,-1.3026778945578592,0
0.8144522428659949,2.76875203095302e-16,-0.47449159888392095,-0.48546160391537146,-0.355702895539919,0.6096964803273209,0.7676494735787386,0
-1.6017560776364572,1.6016696573310483,-0.47449159888392095,-0.48546160391537146,-0.06702365005789776,-1.4994148502179834,-1.3026778945578592,0
0.8144522428659949,-0.6584001416161916,-0.47449159888392095,-0.48546160391537146,-0.49483765941339986,0.6096964803273209,-1.3026778945578592,1
0.8144522428659949,-1.6715348790752993,1.9889106186551018,0.7243087130417342,-0.22215383386573856,0.6096964803273209,-1.3026778945578592,0
-1.6017560776364572,0.5885349198719407,0.3466424736290867,0.7243087130417342,0.4172404813059515,0.6096964803273209,0.7676494735787386,1
0.8144522428659949,0.19886771315689938,-0.47449159888392095,-0.48546160391537146,-0.4892519572140995,0.6096964803273209,0.7676494735787386,0
-1.6017560776364572,0.12093427181389112,-0.47449159888392095,-0.48546160391537146,0.3754309925530796,0.6096964803273209,0.7676494735787386,0
0.8144522428659949,2.76875203095302e-16,-0.47449159888392095,1.93407902999884,-0.34055447117541654,-1.4994148502179834,-1.3026778945578592,0
0.8144522428659949,-0.8142670243022082,-0.47449159888392095,-0.48546160391537146,-0.48451325058465666,0.6096964803273209,0.7676494735787386,0
0.8144522428659949,2.76875203095302e-16,-0.47449159888392095,-0.48546160391537146,-0.4898450572294433,0.6096964803273209,0.7676494735787386,0
-1.6017560776364572,-1.1260007896742412,-0.47449159888392095,0.7243087130417342,3.6423904013865447,0.6096964803273209,-1.3026778945578592,1
-1.6017560776364572,2.76875203095302e-16,-0.47449159888392095,-0.48546160391537146,-0.1236423587144419,0.6096964803273209,0.7676494735787386,0
-1.6017560776364572,2.76875203095302e-16,-0.47449159888392095,-0.48546160391537146,3.9711851444817228,-1.4994148502179834,0.7676494735787386,0
-0.39365191738523114,0.23783443382840352,-0.47449159888392095,-0.48546160391537146,-0.38617036208155714,0.6096964803273209,-1.3026778945578592,1
0.8144522428659949,-1.048067348331233,-0.47449159888392095,-0.48546160391537146,-0.4922987038682633,0.6096964803273209,0.7676494735787386,0
-0.39365191738523114,0.5106014785289325,-0.47449159888392095,-0.48546160391537146,-0.4369494729842874,0.6096964803273209,0.7676494735787386,0
-0.39365191738523114,-1.6715348790752993,0.3466424736290867,0.7243087130417342,0.09623119149437992,0.6096964803273209,0.7676494735787386,1
0.8144522428659949,-0.3466663762441585,-0.47449159888392095,-0.48546160391537146,-0.4898450572294433,0.6096964803273209,0.7676494735787386,0
0.8144522428659949,2.76875203095302e-16,-0.47449159888392095,-0.48546160391537146,-0.5033847993605474,-1.4994148502179834,0.7676494735787386,0
0.8144522428659949,2.76875203095302e-16,-0.47449159888392095,-0.48546160391537146,-0.4930603905318042,-1.9011503417504223,-1.3026778945578592,1
0.8144522428659949,-1.593601437732291,2.8100446911681094,1.93407902999884,-0.014975061382599287,0.6096964803273209,-1.3026778945578592,0
0.8144522428659949,2.76875203095302e-16,-0.47449159888392095,-0.48546160391537146,-0.49280649497729057,-1.9011503417504223,-1.3026778945578592,1
-0.39365191738523114,0.5106014785289325,-0.47449159888392095,-0.48546160391537146,-0.38617036208155714,0.6096964803273209,-1.3026778945578592,1
-0.39365191738523114,0.5495681992004366,-0.47449159888392095,1.93407902999884,-0.12211898538736002,0.6096964803273209,0.7676494735787386,0
-1.6017560776364572,-0.4245998175871668,-0.47449159888392095,-0.48546160391537146,0.7573752154479273,-1.4994148502179834,-1.3026778945578592,1
-1.6017560776364572,2.7706712774761724,-0.47449159888392095,-0.48546160391537146,-0.11094758098875936,0.6096964803273209,0.7676494735787386,0
0.8144522428659949,-0.5804667002731834,-0.47449159888392095,-0.48546160391537146,-0.5033847993605474,-1.4994148502179834,0.7676494735787386,0
0.8144522428659949,0.27680115449990766,-0.47449159888392095,-0.48546160391537146,-0.4898450572294433,0.6096964803273209,0.7676494735787386,0
0.8144522428659949,0.4326680371859242,0.3466424736290867,0.7243087130417342,-0.2389109404636395,0.6096964803273209,-1.3026778945578592,1
-1.6017560776364572,1.1340690092729986,-0.47449159888392095,-0.48546160391537146,-0.08716670777079275,-1.4994148502179834,-1.3026778945578592,1
-0.39365191738523114,-0.8922004656452165,-0.47449159888392095,-0.48546160391537146,0.8426841217645141,0.6096964803273209,0.7676494735787386,0
0.8144522428659949,-0.5804667002731834,-0.47449159888392095,-0.48546160391537146,-0.45040593737351087,0.6096964803273209,-1.3026778945578592,0
-1.6017560776364572,1.6796030986740567,-0.47449159888392095,-0.48546160391537146,-0.11094758098875936,0.6096964803273209,0.7676494735787386,1
-1.6017560776364572,2.6148043947901556,0.3466424736290867,-0.48546160391537146,0.9332395258195708,0.6096964803273209,-1.3026778945578592,1
0.8144522428659949,-0.4245998175871668,-0.47449159888392095,-0.48546160391537146,-0.45726111734537944,0.6096964803273209,0.7676494735787386,0
-0.39365191738523114,1.1340690092729986,0.3466424736290867,-0.48546160391537146,-0.12211898538736002,0.6096964803273209,-1.3026778945578592,0
-1.6017560776364572,0.7444018025579573,-0.47449159888392095,-0.48546160391537146,-0.6502217387757543,0.6096964803273209,0.7676494735787386,0
0.8144522428659949,0.8223352439009656,-0.47449159888392095,-0.48546160391537146,-0.4898450572294433,0.6096964803273209,0.7676494735787386,0
0.8144522428659949,-2.139135527133349,2.8100446911681094,0.7243087130417342,0.1558966468050879,0.6096964803273209,0.7676494735787386,0
0.8144522428659949,2.76875203095302e-16,6.0945809812201395,1.93407902999884,0.7624531265382003,0.6096964803273209,0.7676494735787386,0
-0.39365191738523114,0.9782021265869821,0.3466424736290867,-0.48546160391537146,-0.12211898538736002,0.6096964803273209,-1.3026778945578592,1
0.8144522428659949,2.76875203095302e-16,-0.47449159888392095,-0.48546160391537146,-0.474272119497794,0.6096964803273209,0.7676494735787386,0
0.8144522428659949,-0.3466663762441585,-0.47449159888392095,-0.48546160391537146,-0.4922987038682633,0.6096964803273209,-1.3026778945578592,0
-1.6017560776364572,2.069270305389098,-0.47449159888392095,-0.48546160391537146,-0.11094758098875936,0.6096964803273209,0.7676494735787386,0
0.8144522428659949,2.76875203095302e-16,-0.47449159888392095,-0.48546160391537146,-0.49280649497729057,-1.9011503417504223,-1.3026778945578592,1
0.8144522428659949,-1.593601437732291,3.631178763681117,1.93407902999884,0.3023943817594646,0.6096964803273209,0.7676494735787386,0
-1.6017560776364572,0.4326680371859242,0.3466424736290867,-0.48546160391537146,1.1778262537225335,0.6096964803273209,-1.3026778945578592,1
-0.39365191738523114,0.043000830470882836,-0.47449159888392095,-0.48546160391537146,-0.38617036208155714,0.6096964803273209,0.7676494735787386,0
0.8144522428659949,-0.034932610872125444,-0.47449159888392095,-0.48546160391537146,-0.49026753943215406,0.6096964803273209,0.7676494735787386,0
0.8144522428659949,2.76875203095302e-16,-0.47449159888392095,-0.48546160391537146,-0.49280649497729057,-1.9011503417504223,0.7676494735787386,0
-0.39365191738523114,-0.8922004656452165,-0.47449159888392095,-0.48546160391537146,-0.41663782862319526,0.6096964803273209,0.7676494735787386,0
0.8144522428659949,-2.139135527133349,1.9889106186551018,1.93407902999884,-0.08352686110128507,0.6096964803273209,-1.3026778945578592,0
0.8144522428659949,2.76875203095302e-16,-0.47449159888392095,-0.48546160391537146,-0.5034701082668639,-1.4994148502179834,0.7676494735787386,0
0.8144522428659949,-2.262270364455302,-0.47449159888392095,0.7243087130417342,-0.47723355724564126,-1.4994148502179834,0.7676494735787386,1
0.8144522428659949,-0.034932610872125444,-0.47449159888392095,-0.48546160391537146,-0.4576003218062097,0.6096964803273209,0.7676494735787386,0
-1.6017560776364572,1.9134034227030814,-0.47449159888392095,0.7243087130417342,0.9196144747821503,0.6096964803273209,0.7676494735787386,0
0.8144522428659949,-0.9701339069882248,0.3466424736290867,0.7243087130417342,-0.5033847993605474,-1.4994148502179834,0.7676494735787386,0
-1.6017560776364572,2.76875203095302e-16,-0.47449159888392095,-0.48546160391537146,-0.08716670777079275,-1.4994148502179834,0.7676494735787386,0
0.8144522428659949,2.76875203095302e-16,-0.47449159888392095,-0.48546160391537146,-0.4898450572294433,-1.4994148502179834,0.7676494735787386,0
-1.6017560776364572,2.2251371880751147,-0.47449159888392095,0.7243087130417342,2.46685398398834,0.6096964803273209,-1.3026778945578592,1
0.8144522428659949,-0.5025332589301751,-0.47449159888392095,-0.48546160391537146,-0.4898450572294433,0.6096964803273209,0.7676494735787386,0
0.8144522428659949,-1.048067348331233,-0.47449159888392095,-0.48546160391537146,-0.46301540619287684,0.6096964803273209,0.7676494735787386,0
0.8144522428659949,2.76875203095302e-16,-0.47449159888392095,-0.48546160391537146,-0.4898450572294433,0.6096964803273209,0.7676494735787386,0
0.8144522428659949,-0.5804667002731834,-0.47449159888392095,-0.48546160391537146,-0.4974619238648529,0.6096964803273209,0.7676494735787386,0
-0.39365191738523114,-0.190799493558142,0.3466424736290867,-0.48546160391537146,-0.3687368777264318,-1.4994148502179834,-1.3026778945578592,1
-0.39365191738523114,2.147203746732106,-0.47449159888392095,-0.48546160391537146,-0.4369494729842874,0.6096964803273209,-1.3026778945578592,0
0.8144522428659949,2.76875203095302e-16,-0.47449159888392095,-0.48546160391537146,-0.4901822305258375,-1.9011503417504223,-1.3026778945578592,1
0.8144522428659949,-0.6973668622876957,-0.47449159888392095,-0.48546160391537146,-0.5029623171578367,0.6096964803273209,0.7676494735787386,0
-1.6017560776364572,1.7575365400170648,-0.47449159888392095,-0.48546160391537146,-0.030716585762445625,0.6096964803273209,0.7676494735787386,1
0.8144522428659949,1.1340690092729986,-0.47449159888392095,-0.48546160391537146,-0.486713001668963,0.6096964803273209,0.7676494735787386,0
0.8144522428659949,-0.5804667002731834,-0.47449159888392095,-0.48546160391537146,-0.4898450572294433,0.6096964803273209,0.7676494735787386,0
0.8144522428659949,2.76875203095302e-16,0.3466424736290867,-0.48546160391537146,-0.32320426456217166,0.6096964803273209,0.7676494735787386,0
-0.39365191738523114,0.19886771315689938,-0.47449159888392095,-0.48546160391537146,-0.4369494729842874,0.6096964803273209,0.7676494735787386,0
0.8144522428659949,2.76875203095302e-16,-0.47449159888392095,-0.48546160391537146,-0.5029623171578367,0.6096964803273209,0.7676494735787386,0
-0.39365191738523114,-0.034932610872125444,-0.47449159888392095,-0.48546160391537146,-0.4369494729842874,0.6096964803273209,0.7676494735787386,0
-0.39365191738523114,-0.3466663762441585,0.3466424736290867,0.7243087130417342,-0.04087240794299167,0.6096964803273209,-1.3026778945578592,1
-1.6017560776364572,0.666468361214949,0.3466424736290867,-0.48546160391537146,1.1778262537225335,0.6096964803273209,0.7676494735787386,1
0.8144522428659949,-1.048067348331233,1.1677765461420941,-0.48546160391537146,-0.2846121402760967,0.6096964803273209,0.7676494735787386,0
0.8144522428659949,2.76875203095302e-16,-0.47449159888392095,-0.48546160391537146,-0.49280649497729057,-1.9011503417504223,0.7676494735787386,1
-0.39365191738523114,-0.034932610872125444,0.3466424736290867,-0.48546160391537146,-0.12211898538736002,0.6096964803273209,-1.3026778945578592,1
0.8144522428659949,-0.7363335829591999,-0.47449159888392095,-0.48546160391537146,-0.4906900216348648,0.6096964803273209,0.7676494735787386,0
0.8144522428659949,1.212002450616007,-0.47449159888392095,-0.48546160391537146,-0.49280649497729057,0.6096964803273209,-1.3026778945578592,0
0.8144522428659949,-1.9832686444473324,2.8100446911681094,0.7243087130417342,-0.058645096758947246,-1.9011503417504223,0.7676494735787386,0
0.8144522428659949,-0.5804667002731834,-0.47449159888392095,-0.48546160391537146,-0.5055012727029732,0.6096964803273209,0.7676494735787386,0
0.8144522428659949,-0.190799493558142,-0.47449159888392095,0.7243087130417342,-0.39683397537113047,0.6096964803273209,-1.3026778945578592,1
-1.6017560776364572,2.76875203095302e-16,-0.47449159888392095,-0.48546160391537146,0.1541193779234924,-1.4994148502179834,0.7676494735787386,0
0.8144522428659949,2.76875203095302e-16,1.1677765461420941,-0.48546160391537146,-0.17797600738036326,-1.9011503417504223,0.7676494735787386,1
0.8144522428659949,2.76875203095302e-16,-0.47449159888392095,-0.48546160391537146,-0.5033847993605474,-1.4994148502179834,0.7676494735787386,1
0.8144522428659949,2.76875203095302e-16,-0.47449159888392095,-0.48546160391537146,-0.5029623171578367,0.6096964803273209,0.7676494735787386,0
0.8144522428659949,-0.26873293490115024,0.3466424736290867,-0.48546160391537146,-0.32320426456217166,0.6096964803273209,-1.3026778945578592,0
-0.39365191738523114,1.6016696573310483,-0.47449159888392095,0.7243087130417342,-0.12211898538736002,0.6096964803273209,-1.3026778945578592,1
-0.39365191738523114,0.12093427181389112,0.3466424736290867,0.7243087130417342,-0.11704107429708699,0.6096964803273209,0.7676494735787386,0
-0.39365191738523114,0.043000830470882836,-0.47449159888392095,-0.48546160391537146,-0.38617036208155714,0.6096964803273209,0.7676494735787386,0
0.8144522428659949,-0.07389933154362958,-0.47449159888392095,-0.48546160391537146,-0.32320426456217166,0.6096964803273209,0.7676494735787386,0
0.8144522428659949,-0.5025332589301751,-0.47449159888392095,-0.48546160391537146,-0.4892519572140995,0.6096964803273209,-1.3026778945578592,0
-1.6017560776364572,-2.139135527133349,0.3466424736290867,1.93407902999884,2.428007964147752,0.6096964803273209,-1.3026778945578592,0
0.8144522428659949,2.76875203095302e-16,-0.47449159888392095,-0.48546160391537146,-0.5034701082668639,-1.4994148502179834,0.7676494735787386,0
0.8144522428659949,-0.8142670243022082,-0.47449159888392095,-0.48546160391537146,-0.4901822305258375,-1.9011503417504223,-1.3026778945578592,1
0.8144522428659949,-0.5804667002731834,-0.47449159888392095,-0.48546160391537146,-0.5029623171578367,0.6096964803273209,0.7676494735787386,0
-0.39365191738523114,0.8223352439009656,0.3466424736290867,0.7243087130417342,0.1419323913068371,0.6096964803273209,-1.3026778945578592,1
0.8144522428659949,2.76875203095302e-16,0.3466424736290867,-0.48546160391537146,-0.3353912511788269,-1.9011503417504223,-1.3026778945578592,1
0.8144522428659949,2.76875203095302e-16,6.0945809812201395,1.93407902999884,0.7624531265382003,0.6096964803273209,0.7676494735787386,0
0.8144522428659949,2.76875203095302e-16,1.9889106186551018,0.7243087130417342,-0.13295118532513042,0.6096964803273209,0.7676494735787386,0
0.8144522428659949,2.76875203095302e-16,-0.47449159888392095,-0.48546160391537146,-0.4922987038682633,0.6096964803273209,0.7676494735787386,0
-0.39365191738523114,-0.4245998175871668,-0.47449159888392095,-0.48546160391537146,-0.38617036208155714,0.6096964803273209,-1.3026778945578592,0
0.8144522428659949,2.76875203095302e-16,-0.47449159888392095,-0.48546160391537146,-0.49280649497729057,-1.9011503417504223,0.7676494735787386,0
-0.39365191738523114,2.147203746732106,-0.47449159888392095,-0.48546160391537146,-0.39937293091626697,-1.9011503417504223,0.7676494735787386,0
0.8144522428659949,1.3678693333020235,-0.47449159888392095,-0.48546160391537146,-0.5029623171578367,0.6096964803273209,0.7676494735787386,0
0.8144522428659949,1.212002450616007,0.3466424736290867,4.353619663913051,-0.08352686110128507,0.6096964803273209,-1.3026778945578592,0
-0.39365191738523114,-1.2818676723602578,-0.47449159888392095,0.7243087130417342,-0.2541446737344586,0.6096964803273209,-1.3026778945578592,1
-0.39365191738523114,1.9134034227030814,-0.47449159888392095,-0.48546160391537146,-0.3658587177204651,0.6096964803273209,0.7676494735787386,0
0.8144522428659949,-0.4245998175871668,-0.47449159888392095,1.93407902999884,-0.3110172779455164,0.6096964803273209,-1.3026778945578592,1
0.8144522428659949,-0.8922004656452165,-0.47449159888392095,0.7243087130417342,-0.4603078639995432,0.6096964803273209,-1.3026778945578592,1
-1.6017560776364572,2.76875203095302e-16,-0.47449159888392095,-0.48546160391537146,-0.11094758098875936,0.6096964803273209,0.7676494735787386,0
-1.6017560776364572,-0.8142670243022082,0.3466424736290867,-0.48546160391537146,0.42832657679823555,0.6096964803273209,0.7676494735787386,0
0.8144522428659949,0.8223352439009656,0.3466424736290867,0.7243087130417342,-0.3353912511788269,-1.9011503417504223,0.7676494735787386,0
0.8144522428659949,2.76875203095302e-16,-0.47449159888392095,-0.48546160391537146,-0.4898450572294433,0.6096964803273209,0.7676494735787386,0
0.8144522428659949,1.0561355679299904,-0.47449159888392095,-0.48546160391537146,-0.486713001668963,0.6096964803273209,0.7676494735787386,0
0.8144522428659949,-0.190799493558142,-0.47449159888392095,-0.48546160391537146,-0.4898450572294433,0.6096964803273209,0.7676494735787386,0
-1.6017560776364572,0.12093427181389112,0.3466424736290867,-0.48546160391537146,0.40598376800103425,0.6096964803273209,0.7676494735787386,0
0.8144522428659949,2.76875203095302e-16,-0.47449159888392095,-0.48546160391537146,-0.5029623171578367,0.6096964803273209,0.7676494735787386,0
0.8144522428659949,-0.7363335829591999,-0.47449159888392095,-0.48546160391537146,-0.486713001668963,0.6096964803273209,0.7676494735787386,0
-1.6017560776364572,2.069270305389098,-0.47449159888392095,-0.48546160391537146,-0.026739565796543827,-1.4994148502179834,0.7676494735787386,0
-0.39365191738523114,-0.8142670243022082,-0.47449159888392095,-0.48546160391537146,-0.12211898538736002,0.6096964803273209,-1.3026778945578592,1
-1.6017560776364572,1.212002450616007,0.3466424736290867,-0.48546160391537146,1.0452927742664075,0.6096964803273209,0.7676494735787386,0
0.8144522428659949,-1.2039342310172496,2.8100446911681094,0.7243087130417342,0.1558966468050879,0.6096964803273209,0.7676494735787386,0
0.8144522428659949,-1.048067348331233,2.8100446911681094,0.7243087130417342,0.1558966468050879,0.6096964803273209,0.7676494735787386,0
-0.39365191738523114,0.8223352439009656,-0.47449159888392095,-0.48546160391537146,-0.3303133400885539,0.6096964803273209,-1.3026778945578592,1
0.8144522428659949,2.76875203095302e-16,-0.47449159888392095,-0.48546160391537146,-0.5109183882540764,-1.9011503417504223,0.7676494735787386,0
-0.39365191738523114,0.35473459584291595,0.3466424736290867,-0.48546160391537146,-0.12211898538736002,0.6096964803273209,0.7676494735787386,0
0.8144522428659949,-0.190799493558142,-0.47449159888392095,-0.48546160391537146,-0.4892519572140995,0.6096964803273209,-1.3026778945578592,1
0.8144522428659949,-0.11286605221513371,-0.47449159888392095,-0.48546160391537146,-0.4906900216348648,0.6096964803273209,0.7676494735787386,0
-0.39365191738523114,-2.2303176535046685,-0.47449159888392095,1.93407902999884,-0.061184052304083754,0.6096964803273209,0.7676494735787386,1
0.8144522428659949,2.76875203095302e-16,-0.47449159888392095,-0.48546160391537146,-0.49280649497729057,-1.9011503417504223,-1.3026778945578592,1
0.8144522428659949,2.76875203095302e-16,-0.47449159888392095,-0.48546160391537146,-0.5034701082668639,-1.4994148502179834,0.7676494735787386,0
0.8144522428659949,-0.11286605221513371,-0.47449159888392095,-0.48546160391537146,-0.19270194954215505,0.6096964803273209,0.7676494735787386,0
-0.39365191738523114,-1.8274017617613159,-0.47449159888392095,0.7243087130417342,0.02006252514028459,0.6096964803273209,-1.3026778945578592,1
-0.39365191738523114,2.76875203095302e-16,-0.47449159888392095,-0.48546160391537146,-0.6502217387757543,0.6096964803273209,0.7676494735787386,0
0.8144522428659949,0.35473459584291595,0.3466424736290867,0.7243087130417342,-0.35773405997602825,0.6096964803273209,0.7676494735787386,0
-1.6017560776364572,-0.8142670243022082,-0.47449159888392095,1.93407902999884,-0.11636469653986262,0.6096964803273209,-1.3026778945578592,1
-1.6017560776364572,1.3678693333020235,0.3466424736290867,0.7243087130417342,0.4172404813059515,0.6096964803273209,-1.3026778945578592,1
0.8144522428659949,-1.1649675103457455,0.3466424736290867,-0.48546160391537146,-0.356633168851657,-1.4994148502179834,-1.3026778945578592,0
0.8144522428659949,-0.8922004656452165,-0.47449159888392095,-0.48546160391537146,-0.4922987038682633,0.6096964803273209,0.7676494735787386,0
0.8144522428659949,-0.26873293490115024,-0.47449159888392095,-0.48546160391537146,-0.4906900216348648,0.6096964803273209,-1.3026778945578592,1
-0.39365191738523114,1.9134034227030814,0.3466424736290867,-0.48546160391537146,-0.12211898538736002,0.6096964803273209,0.7676494735787386,0
0.8144522428659949,2.76875203095302e-16,-0.47449159888392095,-0.48546160391537146,-0.3353912511788269,-1.9011503417504223,0.7676494735787386,0
-0.39365191738523114,0.35473459584291595,0.3466424736290867,-0.48546160391537146,-0.22367720719282044,0.6096964803273209,0.7676494735787386,0
0.8144522428659949,-1.5156679963892827,1.9889106186551018,1.93407902999884,-0.08352686110128507,0.6096964803273209,0.7676494735787386,0
-0.39365191738523114,-0.11286605221513371,0.3466424736290867,-0.48546160391537146,-0.1627422741095442,-1.4994148502179834,-1.3026778945578592,1
-1.6017560776364572,2.76875203095302e-16,-0.47449159888392095,-0.48546160391537146,-0.6502217387757543,0.6096964803273209,0.7676494735787386,0
0.8144522428659949,2.76875203095302e-16,-0.47449159888392095,-0.48546160391537146,-0.486713001668963,0.6096964803273209,0.7676494735787386,0
0.8144522428659949,2.76875203095302e-16,6.0945809812201395,1.93407902999884,0.7624531265382003,0.6096964803273209,-1.3026778945578592,0
0.8144522428659949,-0.8922004656452165,0.3466424736290867,0.7243087130417342,-0.2396726271271805,0.6096964803273209,0.7676494735787386,0
-0.39365191738523114,0.27680115449990766,0.3466424736290867,1.93407902999884,-0.08657360775544887,0.6096964803273209,-1.3026778945578592,1
0.8144522428659949,-0.5804667002731834,-0.47449159888392095,-0.48546160391537146,-0.4898450572294433,0.6096964803273209,0.7676494735787386,0
0.8144522428659949,-0.7363335829591999,-0.47449159888392095,-0.48546160391537146,-0.4628468195446797,0.6096964803273209,0.7676494735787386,0
-0.39365191738523114,1.7575365400170648,-0.47449159888392095,-0.48546160391537146,-0.3760145399010111,0.6096964803273209,0.7676494735787386,0
-0.39365191738523114,-2.217068968476357,1.1677765461420941,0.7243087130417342,0.1419323913068371,0.6096964803273209,0.7676494735787386,1
0.8144522428659949,0.12093427181389112,-0.47449159888392095,-0.48546160391537146,-0.4892519572140995,0.6096964803273209,0.7676494735787386,1
0.8144522428659949,2.76875203095302e-16,-0.47449159888392095,-0.48546160391537146,-0.496868823849509,0.6096964803273209,-1.3026778945578592,0
-1.6017560776364572,-0.3466663762441585,0.3466424736290867,-0.48546160391537146,1.1997465803170242,-1.4994148502179834,0.7676494735787386,1
0.8144522428659949,-1.905335203104324,2.8100446911681094,1.93407902999884,-0.012690001391976412,0.6096964803273209,-1.3026778945578592,1
0.8144522428659949,3.472072249563247,-0.47449159888392095,-0.48546160391537146,-0.4922987038682633,0.6096964803273209,0.7676494735787386,0
0.8144522428659949,1.0561355679299904,0.3466424736290867,6.773160297827262,0.3023943817594646,0.6096964803273209,-1.3026778945578592,0
0.8144522428659949,-0.190799493558142,0.3466424736290867,-0.48546160391537146,-0.356633168851657,-1.4994148502179834,0.7676494735787386,0
-0.39365191738523114,1.6016696573310483,-0.47449159888392095,-0.48546160391537146,-0.38617036208155714,0.6096964803273209,0.7676494735787386,0
0.8144522428659949,-0.4245998175871668,0.3466424736290867,-0.48546160391537146,-0.32320426456217166,0.6096964803273209,0.7676494735787386,0
-0.39365191738523114,-1.048067348331233,-0.47449159888392095,-0.48546160391537146,-0.4369494729842874,0.6096964803273209,0.7676494735787386,0
-1.6017560776364572,-1.9832686444473324,-0.47449159888392095,1.93407902999884,1.01245493882783,0.6096964803273209,0.7676494735787386,1
0.8144522428659949,2.76875203095302e-16,-0.47449159888392095,-0.48546160391537146,-0.4898450572294433,0.6096964803273209,0.7676494735787386,0
-1.6017560776364572,0.9782021265869821,-0.47449159888392095,-0.48546160391537146,-0.116279387633546,0.6096964803273209,0.7676494735787386,1
-1.6017560776364572,-0.8142670243022082,-0.47449159888392095,-0.48546160391537146,-0.04087240794299167,0.6096964803273209,-1.3026778945578592,1
-1.6017560776364572,2.76875203095302e-16,-0.47449159888392095,-0.48546160391537146,-0.04087240794299167,0.6096964803273209,0.7676494735787386,1
-1.6017560776364572,-0.4245998175871668,-0.47449159888392095,-0.48546160391537146,1.0388600764972498,-1.4994148502179834,-1.3026778945578592,1
-0.39365191738523114,-0.8142670243022082,-0.47449159888392095,-0.48546160391537146,-0.4369494729842874,0.6096964803273209,0.7676494735787386,0
0.8144522428659949,2.76875203095302e-16,-0.47449159888392095,-0.48546160391537146,-0.4930603905318042,-1.9011503417504223,0.7676494735787386,0
0.8144522428659949,2.76875203095302e-16,-0.47449159888392095,-0.48546160391537146,-0.49119781274389207,-1.9011503417504223,-1.3026778945578592,1
-1.6017560776364572,-0.5804667002731834,-0.47449159888392095,-0.48546160391537146,2.428007964147752,0.6096964803273209,-1.3026778945578592,1
-1.6017560776364572,1.3678693333020235,-0.47449159888392095,-0.48546160391537146,-0.13049753868631053,0.6096964803273209,0.7676494735787386,0
0.8144522428659949,2.76875203095302e-16,1.9889106186551018,0.7243087130417342,-0.13295118532513042,0.6096964803273209,-1.3026778945578592,0
0.8144522428659949,0.27680115449990766,-0.47449159888392095,-0.48546160391537146,-0.4898450572294433,-1.4994148502179834,0.7676494735787386,0
0.8144522428659949,2.76875203095302e-16,-0.47449159888392095,-0.48546160391537146,-0.5034701082668639,-1.4994148502179834,0.7676494735787386,0
-0.39365191738523114,1.4458027746450317,-0.47449159888392095,-0.48546160391537146,-0.38617036208155714,0.6096964803273209,0.7676494735787386,0
0.8144522428659949,2.76875203095302e-16,-0.47449159888392095,-0.48546160391537146,-0.4732565372797395,-1.4994148502179834,0.7676494735787386,0
0.8144522428659949,0.9002686852439739,1.1677765461420941,-0.48546160391537146,-0.36365896663615876,0.6096964803273209,0.7676494735787386,0
0.8144522428659949,-0.7363335829591999,0.3466424736290867,-0.48546160391537146,-0.4892519572140995,0.6096964803273209,0.7676494735787386,1
0.8144522428659949,-0.4245998175871668,-0.47449159888392095,-0.48546160391537146,-0.47046368618008927,0.6096964803273209,-1.3026778945578592,0
-0.39365191738523114,-0.190799493558142,-0.47449159888392095,-0.48546160391537146,-0.12211898538736002,0.6096964803273209,0.7676494735787386,0
0.8144522428659949,2.76875203095302e-16,0.3466424736290867,-0.48546160391537146,-0.3353912511788269,-1.9011503417504223,-1.3026778945578592,1
-1.6017560776364572,-0.9701339069882248,0.3466424736290867,-0.48546160391537146,0.5075419898064947,0.6096964803273209,-1.3026778945578592,1
0.8144522428659949,0.043000830470882836,0.3466424736290867,-0.48546160391537146,-0.32320426456217166,0.6096964803273209,0.7676494735787386,0
0.8144522428659949,0.8613019645724698,-0.47449159888392095,-0.48546160391537146,-0.49280649497729057,-1.9011503417504223,0.7676494735787386,0
0.8144522428659949,-0.3466663762441585,0.3466424736290867,-0.48546160391537146,-0.2886744691483151,0.6096964803273209,0.7676494735787386,0
0.8144522428659949,1.212002450616007,-0.47449159888392095,0.7243087130417342,-0.356633168851657,-1.4994148502179834,-1.3026778945578592,0
-0.39365191738523114,-0.11286605221513371,-0.47449159888392095,-0.48546160391537146,-0.38617036208155714,0.6096964803273209,-1.3026778945578592,1
-1.6017560776364572,2.76875203095302e-16,-0.47449159888392095,-0.48546160391537146,-0.11094758098875936,0.6096964803273209,0.7676494735787386,1
0.8144522428659949,2.76875203095302e-16,-0.47449159888392095,-0.48546160391537146,-0.4952601416161105,-1.9011503417504223,-1.3026778945578592,0
-0.39365191738523114,1.7575365400170648,-0.47449159888392095,-0.48546160391537146,-0.38617036208155714,0.6096964803273209,0.7676494735787386,0
-0.39365191738523114,-0.3466663762441585,0.3466424736290867,1.93407902999884,0.19432018444296584,-1.4994148502179834,0.7676494735787386,0
-1.6017560776364572,1.1340690092729986,1.1677765461420941,-0.48546160391537146,1.1778262537225335,-1.9011503417504223,0.7676494735787386,0
0.8144522428659949,-0.190799493558142,-0.47449159888392095,-0.48546160391537146,-0.5085480193571369,0.6096964803273209,0.7676494735787386,1
0.8144522428659949,2.76875203095302e-16,-0.47449159888392095,-0.48546160391537146,-0.496868823849509,0.6096964803273209,0.7676494735787386,0
-1.6017560776364572,-0.4245998175871668,-0.47449159888392095,-0.48546160391537146,0.35528996600462054,-1.4994148502179834,-1.3026778945578592,1
0.8144522428659949,-0.11286605221513371,-0.47449159888392095,-0.48546160391537146,-0.4898450572294433,0.6096964803273209,-1.3026778945578592,0
0.8144522428659949,-1.1260007896742412,0.3466424736290867,-0.48546160391537146,-0.356633168851657,-1.4994148502179834,-1.3026778945578592,1
0.8144522428659949,0.5106014785289325,-0.47449159888392095,-0.48546160391537146,-0.6502217387757543,0.6096964803273209,0.7676494735787386,0
0.8144522428659949,-0.26873293490115024,-0.47449159888392095,-0.48546160391537146,-0.486713001668963,0.6096964803273209,0.7676494735787386,0
-1.6017560776364572,-0.190799493558142,-0.47449159888392095,-0.48546160391537146,0.9082744837353528,-1.4994148502179834,0.7676494735787386,1
-0.39365191738523114,0.043000830470882836,-0.47449159888392095,-0.48546160391537146,-0.38617036208155714,0.6096964803273209,-1.3026778945578592,1
0.8144522428659949,2.76875203095302e-16,-0.47449159888392095,-0.48546160391537146,-0.4898450572294433,0.6096964803273209,0.7676494735787386,0
0.8144522428659949,-1.048067348331233,3.631178763681117,1.93407902999884,0.3023943817594646,0.6096964803273209,-1.3026778945578592,0
-0.39365191738523114,2.76875203095302e-16,-0.47449159888392095,-0.48546160391537146,-0.6502217387757543,0.6096964803273209,0.7676494735787386,0
-0.39365191738523114,-0.190799493558142,-0.47449159888392095,-0.48546160391537146,-0.4369494729842874,0.6096964803273209,-1.3026778945578592,1
-1.6017560776364572,2.76875203095302e-16,-0.47449159888392095,-0.48546160391537146,-0.12211898538736002,0.6096964803273209,0.7676494735787386,0
-0.39365191738523114,-0.8922004656452165,-0.47449159888392095,0.7243087130417342,-0.18305391847063626,0.6096964803273209,-1.3026778945578592,1
-1.6017560776364572,-1.048067348331233,-0.47449159888392095,0.7243087130417342,0.527431151964876,-1.4994148502179834,-1.3026778945578592,1
-1.6017560776364572,2.381004070761131,0.3466424736290867,0.7243087130417342,0.9584604946227391,-1.4994148502179834,0.7676494735787386,1
0.8144522428659949,-0.7363335829591999,-0.47449159888392095,-0.48546160391537146,-0.4502373507253138,0.6096964803273209,0.7676494735787386,0
-1.6017560776364572,0.043000830470882836,-0.47449159888392095,-0.48546160391537146,1.248917008986356,0.6096964803273209,-1.3026778945578592,1
0.8144522428659949,-0.4245998175871668,0.3466424736290867,-0.48546160391537146,-0.32828217565244466,0.6096964803273209,-1.3026778945578592,1
-1.6017560776364572,1.7575365400170648,0.3466424736290867,-0.48546160391537146,0.9395036369405317,-1.4994148502179834,-1.3026778945578592,1
0.8144522428659949,-1.1260007896742412,0.3466424736290867,0.7243087130417342,-0.5033847993605474,-1.4994148502179834,0.7676494735787386,0
0.8144522428659949,-0.3466663762441585,-0.47449159888392095,-0.48546160391537146,-0.5034701082668639,-1.4994148502179834,0.7676494735787386,0
0.8144522428659949,0.9002686852439739,-0.47449159888392095,5.563389980870157,0.1558966468050879,0.6096964803273209,-1.3026778945578592,0
-0.39365191738523114,0.5106014785289325,0.3466424736290867,-0.48546160391537146,-0.12211898538736002,0.6096964803273209,-1.3026778945578592,1
-1.6017560776364572,2.069270305389098,-0.47449159888392095,-0.48546160391537146,0.07084163604301481,-1.4994148502179834,0.7676494735787386,1
-0.39365191738523114,-0.4245998175871668,1.1677765461420941,0.7243087130417342,-0.10180734102626793,0.6096964803273209,-1.3026778945578592,1
0.8144522428659949,0.7444018025579573,0.3466424736290867,5.563389980870157,-0.014975061382599287,0.6096964803273209,0.7676494735787386,0
0.8144522428659949,-0.7363335829591999,-0.47449159888392095,-0.48546160391537146,-0.507024646030055,0.6096964803273209,0.7676494735787386,0
-1.6017560776364572,0.9782021265869821,0.3466424736290867,-0.48546160391537146,0.40598376800103425,0.6096964803273209,0.7676494735787386,0
-0.39365191738523114,0.35473459584291595,-0.47449159888392095,-0.48546160391537146,-0.38617036208155714,0.6096964803273209,0.7676494735787386,0
-1.6017560776364572,1.250969171287511,-0.47449159888392095,-0.48546160391537146,-0.07133987448462979,0.6096964803273209,0.7676494735787386,0
0.8144522428659949,-0.11286605221513371,-0.47449159888392095,-0.48546160391537146,-0.45726111734537944,0.6096964803273209,0.7676494735787386,0
-1.6017560776364572,-0.8922004656452165,0.3466424736290867,-0.48546160391537146,3.9711851444817228,-1.4994148502179834,-1.3026778945578592,1
0.8144522428659949,0.35473459584291595,-0.47449159888392095,-0.48546160391537146,-0.5182813593349723,0.6096964803273209,0.7676494735787386,0
0.8144522428659949,-0.11286605221513371,0.3466424736290867,0.7243087130417342,-0.35773405997602825,0.6096964803273209,-1.3026778945578592,0
0.8144522428659949,2.76875203095302e-16,-0.47449159888392095,-0.48546160391537146,-0.5033847993605474,-1.4994148502179834,0.7676494735787386,0
0.8144522428659949,2.76875203095302e-16,-0.47449159888392095,-0.48546160391537146,-0.49280649497729057,-1.9011503417504223,0.7676494735787386,0
0.8144522428659949,-0.3466663762441585,0.3466424736290867,-0.48546160391537146,-0.4892519572140995,0.6096964803273209,-1.3026778945578592,0
0.8144522428659949,-1.2039342310172496,0.3466424736290867,-0.48546160391537146,-0.42188432636166534,-1.4994148502179834,-1.3026778945578592,1
0.8144522428659949,-0.3466663762441585,-0.47449159888392095,-0.48546160391537146,-0.49297508162548764,-1.9011503417504223,0.7676494735787386,0
-1.6017560776364572,2.76875203095302e-16,-0.47449159888392095,-0.48546160391537146,0.07084163604301481,0.6096964803273209,0.7676494735787386,1
-0.39365191738523114,0.7444018025579573,-0.47449159888392095,-0.48546160391537146,-0.12211898538736002,0.6096964803273209,0.7676494735787386,0
0.8144522428659949,0.35473459584291595,-0.47449159888392095,-0.48546160391537146,-0.486713001668963,0.6096964803273209,0.7676494735787386,0
0.8144522428659949,-0.26873293490115024,0.3466424736290867,-0.48546160391537146,-0.4906900216348648,0.6096964803273209,0.7676494735787386,0
-1.6017560776364572,-0.3466663762441585,0.3466424736290867,1.93407902999884,2.428007964147752,0.6096964803273209,-1.3026778945578592,0
0.8144522428659949,0.27680115449990766,1.9889106186551018,-0.48546160391537146,-0.32828217565244466,0.6096964803273209,-1.3026778945578592,1
0.8144522428659949,0.12093427181389112,-0.47449159888392095,-0.48546160391537146,-0.4906900216348648,0.6096964803273209,-1.3026778945578592,0
-1.6017560776364572,-0.190799493558142,-0.47449159888392095,1.93407902999884,3.6456910435952223,-1.4994148502179834,0.7676494735787386,0
0.8144522428659949,-0.38563309691566267,-0.47449159888392095,-0.48546160391537146,-0.486713001668963,0.6096964803273209,0.7676494735787386,0
0.8144522428659949,2.76875203095302e-16,-0.47449159888392095,-0.48546160391537146,-0.4854435238963947,0.6096964803273209,0.7676494735787386,1
-1.6017560776364572,2.76875203095302e-16,-0.47449159888392095,-0.48546160391537146,-0.08716670777079275,-1.4994148502179834,0.7676494735787386,0
-1.6017560776364572,1.3678693333020235,-0.47449159888392095,-0.48546160391537146,0.40598376800103425,0.6096964803273209,0.7676494735787386,0
0.8144522428659949,2.76875203095302e-16,-0.47449159888392095,-0.48546160391537146,-0.49280649497729057,-1.9011503417504223,0.7676494735787386,0
0.8144522428659949,-0.5025332589301751,-0.47449159888392095,-0.48546160391537146,-0.4628468195446797,0.6096964803273209,0.7676494735787386,0
0.8144522428659949,-1.4377345550462743,3.631178763681117,1.93407902999884,0.3023943817594646,0.6096964803273209,0.7676494735787386,0
0.8144522428659949,2.76875203095302e-16,0.3466424736290867,-0.48546160391537146,-0.2446652293111369,0.6096964803273209,0.7676494735787386,0
0.8144522428659949,1.250969171287511,-0.47449159888392095,-0.48546160391537146,-0.5034701082668639,-1.4994148502179834,0.7676494735787386,0
0.8144522428659949,-0.8922004656452165,0.3466424736290867,-0.48546160391537146,-0.5182813593349723,0.6096964803273209,0.7676494735787386,0
-1.6017560776364572,1.52373621598804,0.3466424736290867,-0.48546160391537146,0.5061039253857293,-1.4994148502179834,0.7676494735787386,1
0.8144522428659949,2.76875203095302e-16,-0.47449159888392095,-0.48546160391537146,-0.4901822305258375,-1.9011503417504223,-1.3026778945578592,1
0.8144522428659949,-0.5804667002731834,-0.47449159888392095,-0.48546160391537146,-0.43661026852345713,0.6096964803273209,-1.3026778945578592,0
-0.39365191738523114,-0.11286605221513371,-0.47449159888392095,-0.48546160391537146,-0.38617036208155714,0.6096964803273209,0.7676494735787386,0
-0.39365191738523114,1.9913368640460898,-0.47449159888392095,-0.48546160391537146,-0.3252354289982809,0.6096964803273209,-1.3026778945578592,1
0.8144522428659949,2.76875203095302e-16,0.3466424736290867,-0.48546160391537146,-0.3353912511788269,-1.9011503417504223,-1.3026778945578592,1
0.8144522428659949,-0.3466663762441585,-0.47449159888392095,-0.48546160391537146,-0.507024646030055,0.6096964803273209,0.7676494735787386,0
0.8144522428659949,0.7444018025579573,0.3466424736290867,5.563389980870157,-0.014975061382599287,0.6096964803273209,-1.3026778945578592,0
0.8144522428659949,0.27680115449990766,0.3466424736290867,0.7243087130417342,-0.2333252382643392,0.6096964803273209,0.7676494735787386,0
0.8144522428659949,2.76875203095302e-16,-0.47449159888392095,-0.48546160391537146,-0.49280649497729057,-1.9011503417504223,-1.3026778945578592,1
-0.39365191738523114,-0.8142670243022082,-0.47449159888392095,-0.48546160391537146,-0.4369494729842874,0.6096964803273209,0.7676494735787386,1
-0.39365191738523114,0.35473459584291595,0.3466424736290867,0.7243087130417342,0.009906702959738549,0.6096964803273209,-1.3026778945578592,1
0.8144522428659949,-0.5025332589301751,-0.47449159888392095,-0.48546160391537146,-0.496868823849509,0.6096964803273209,-1.3026778945578592,1
0.8144522428659949,0.12093427181389112,0.3466424736290867,-0.48546160391537146,-0.2846121402760967,0.6096964803273209,-1.3026778945578592,0
0.8144522428659949,0.5106014785289325,-0.47449159888392095,-0.48546160391537146,-0.4898450572294433,0.6096964803273209,0.7676494735787386,0
-0.39365191738523114,0.35473459584291595,-0.47449159888392095,-0.48546160391537146,-0.38617036208155714,0.6096964803273209,0.7676494735787386,1
0.8144522428659949,0.27680115449990766,-0.47449159888392095,-0.48546160391537146,-0.47444070614599115,0.6096964803273209,0.7676494735787386,0
-1.6017560776364572,0.043000830470882836,-0.47449159888392095,-0.48546160391537146,1.5114450123534708,-1.4994148502179834,-1.3026778945578592,1
0.8144522428659949,-0.3466663762441585,-0.47449159888392095,-0.48546160391537146,-0.6502217387757543,0.6096964803273209,0.7676494735787386,1
0.8144522428659949,0.12093427181389112,0.3466424736290867,0.7243087130417342,-0.2333252382643392,0.6096964803273209,-1.3026778945578592,1
-1.6017560776364572,2.76875203095302e-16,-0.47449159888392095,-0.48546160391537146,1.602000416408528,-1.4994148502179834,-1.3026778945578592,1
0.8144522428659949,0.043000830470882836,-0.47449159888392095,-0.48546160391537146,-0.39683397537113047,0.6096964803273209,-1.3026778945578592,1
0.8144522428659949,-0.6584001416161916,-0.47449159888392095,-0.48546160391537146,-0.4922987038682633,0.6096964803273209,0.7676494735787386,0
0.8144522428659949,-0.6584001416161916,-0.47449159888392095,-0.48546160391537146,-0.4892519572140995,0.6096964803273209,0.7676494735787386,0
0.8144522428659949,-0.46356653825867095,-0.47449159888392095,-0.48546160391537146,-0.5033847993605474,-1.4994148502179834,0.7676494735787386,0
-1.6017560776364572,0.4326680371859242,0.3466424736290867,-0.48546160391537146,1.0452927742664075,0.6096964803273209,-1.3026778945578592,1
0.8144522428659949,-1.9832686444473324,-0.47449159888392095,1.93407902999884,-0.20285777172270109,0.6096964803273209,-1.3026778945578592,1
0.8144522428659949,2.76875203095302e-16,-0.47449159888392095,-0.48546160391537146,0.4973008587196321,0.6096964803273209,0.7676494735787386,1
0.8144522428659949,0.19886771315689938,-0.47449159888392095,-0.48546160391537146,-0.49280649497729057,-1.9011503417504223,0.7676494735787386,0
-1.6017560776364572,0.5106014785289325,0.3466424736290867,-0.48546160391537146,0.9513514190963567,0.6096964803273209,0.7676494735787386,0
-1.6017560776364572,-0.8922004656452165,1.1677765461420941,1.93407902999884,4.679045950465782,-1.4994148502179834,-1.3026778945578592,1
-1.6017560776364572,0.4326680371859242,-0.47449159888392095,-0.48546160391537146,-0.11094758098875936,-1.4994148502179834,0.7676494735787386,1
-1.6017560776364572,1.52373621598804,0.3466424736290867,-0.48546160391537146,0.9082744837353528,-1.4994148502179834,-1.3026778945578592,1
0.8144522428659949,1.52373621598804,-0.47449159888392095,-0.48546160391537146,-0.6502217387757543,0.6096964803273209,0.7676494735787386,0
0.8144522428659949,2.76875203095302e-16,-0.47449159888392095,-0.48546160391537146,-0.486713001668963,0.6096964803273209,0.7676494735787386,0
0.8144522428659949,-0.4245998175871668,-0.47449159888392095,3.1438493469559456,-0.2590539981765346,-1.4994148502179834,-1.3026778945578592,1
0.8144522428659949,2.76875203095302e-16,-0.47449159888392095,-0.48546160391537146,-0.486713001668963,0.6096964803273209,-1.3026778945578592,0
0.8144522428659949,2.76875203095302e-16,-0.47449159888392095,-0.48546160391537146,-0.486713001668963,0.6096964803273209,-1.3026778945578592,0
0.8144522428659949,-1.048067348331233,-0.47449159888392095,-0.48546160391537146,-0.486713001668963,0.6096964803273209,0.7676494735787386,1
0.8144522428659949,-0.26873293490115024,-0.47449159888392095,-0.48546160391537146,-0.49001364387764046,0.6096964803273209,0.7676494735787386,0
0.8144522428659949,2.76875203095302e-16,-0.47449159888392095,-0.48546160391537146,-0.49280649497729057,-1.9011503417504223,0.7676494735787386,0
-0.39365191738523114,-0.4245998175871668,1.1677765461420941,3.1438493469559456,-0.26937840700527765,0.6096964803273209,-1.3026778945578592,1
0.8144522428659949,-0.4245998175871668,-0.47449159888392095,-0.48546160391537146,-0.5051620682421429,0.6096964803273209,0.7676494735787386,1
0.8144522428659949,0.4326680371859242,-0.47449159888392095,-0.48546160391537146,-0.4898450572294433,-1.4994148502179834,0.7676494735787386,0
0.8144522428659949,-1.048067348331233,0.3466424736290867,0.7243087130417342,-0.2389109404636395,0.6096964803273209,0.7676494735787386,0
-1.6017560776364572,2.76875203095302e-16,-0.47449159888392095,-0.48546160391537146,-0.030716585762445625,0.6096964803273209,0.7676494735787386,1
0.8144522428659949,2.76875203095302e-16,-0.47449159888392095,-0.48546160391537146,-0.4898450572294433,-1.4994148502179834,0.7676494735787386,0
-1.6017560776364572,0.9782021265869821,-0.47449159888392095,-0.48546160391537146,3.9711851444817228,-1.4994148502179834,-1.3026778945578592,1
-0.39365191738523114,-0.4245998175871668,-0.47449159888392095,-0.48546160391537146,-0.4369494729842874,0.6096964803273209,0.7676494735787386,0
-0.39365191738523114,-0.190799493558142,0.3466424736290867,-0.48546160391537146,-0.22367720719282044,0.6096964803273209,-1.3026778945578592,0
0.8144522428659949,-0.034932610872125444,-0.47449159888392095,-0.48546160391537146,-0.486713001668963,0.6096964803273209,0.7676494735787386,0
-1.6017560776364572,0.4326680371859242,-0.47449159888392095,-0.48546160391537146,2.104713614345557,0.6096964803273209,-1.3026778945578592,1
-1.6017560776364572,-0.8142670243022082,1.9889106186551018,1.93407902999884,4.691740728191465,0.6096964803273209,0.7676494735787386,0
-1.6017560776364572,-0.8922004656452165,-0.47449159888392095,1.93407902999884,0.9676007345852305,0.6096964803273209,-1.3026778945578592,1
-0.39365191738523114,0.12093427181389112,0.3466424736290867,0.7243087130417342,-0.11704107429708699,0.6096964803273209,-1.3026778945578592,1
-0.39365191738523114,0.35473459584291595,0.3466424736290867,-0.48546160391537146,-0.22367720719282044,0.6096964803273209,0.7676494735787386,0
0.8144522428659949,-1.905335203104324,1.1677765461420941,0.7243087130417342,-0.2590539981765346,-1.4994148502179834,-1.3026778945578592,1
0.8144522428659949,0.19886771315689938,-0.47449159888392095,-0.48546160391537146,-0.486713001668963,0.6096964803273209,0.7676494735787386,1
0.8144522428659949,-0.8142670243022082,-0.47449159888392095,-0.48546160391537146,-0.49483765941339986,0.6096964803273209,0.7676494735787386,0
0.8144522428659949,1.6796030986740567,-0.47449159888392095,-0.48546160391537146,-0.5069393371237384,0.6096964803273209,0.7676494735787386,0
0.8144522428659949,2.76875203095302e-16,-0.47449159888392095,-0.48546160391537146,-0.486713001668963,0.6096964803273209,0.7676494735787386,0
0.8144522428659949,0.19886771315689938,0.3466424736290867,0.7243087130417342,-0.3353912511788269,-1.9011503417504223,-1.3026778945578592,0
-0.39365191738523114,-0.8922004656452165,-0.47449159888392095,-0.48546160391537146,-0.38617036208155714,0.6096964803273209,0.7676494735787386,0
-1.6017560776364572,1.3678693333020235,-0.47449159888392095,-0.48546160391537146,0.04079665170408742,0.6096964803273209,0.7676494735787386,0
0.8144522428659949,2.76875203095302e-16,-0.47449159888392095,-0.48546160391537146,-0.5033847993605474,-1.4994148502179834,0.7676494735787386,0
-0.39365191738523114,-0.8922004656452165,-0.47449159888392095,-0.48546160391537146,-0.41663782862319526,0.6096964803273209,0.7676494735787386,0
0.8144522428659949,-0.5804667002731834,-0.47449159888392095,-0.48546160391537146,-0.5029623171578367,0.6096964803273209,0.7676494735787386,0
0.8144522428659949,2.76875203095302e-16,-0.47449159888392095,-0.48546160391537146,-0.5033847993605474,-1.4994148502179834,-1.3026778945578592,1
-0.39365191738523114,0.666468361214949,-0.47449159888392095,-0.48546160391537146,-0.38617036208155714,0.6096964803273209,-1.3026778945578592,0
-0.39365191738523114,-2.061202085790341,0.3466424736290867,0.7243087130417342,-0.26937840700527765,0.6096964803273209,0.7676494735787386,1
0.8144522428659949,2.76875203095302e-16,1.9889106186551018,0.7243087130417342,-0.13295118532513042,0.6096964803273209,-1.3026778945578592,0
0.8144522428659949,0.8223352439009656,0.3466424736290867,-0.48546160391537146,-0.4577689084544067,0.6096964803273209,-1.3026778945578592,0
-0.39365191738523114,0.9782021265869821,-0.47449159888392095,-0.48546160391537146,-0.38617036208155714,0.6096964803273209,-1.3026778945578592,1
0.8144522428659949,0.19886771315689938,0.3466424736290867,-0.48546160391537146,-0.32828217565244466,0.6096964803273209,0.7676494735787386,0
0.8144522428659949,-1.9832686444473324,0.3466424736290867,0.7243087130417342,-0.3110172779455164,0.6096964803273209,-1.3026778945578592,1
0.8144522428659949,2.76875203095302e-16,1.9889106186551018,0.7243087130417342,-0.13295118532513042,0.6096964803273209,-1.3026778945578592,0
-0.39365191738523114,-0.190799493558142,-0.47449159888392095,-0.48546160391537146,-0.38617036208155714,0.6096964803273209,0.7676494735787386,0
0.8144522428659949,2.76875203095302e-16,-0.47449159888392095,-0.48546160391537146,-0.49280649497729057,-1.9011503417504223,0.7676494735787386,0
0.8144522428659949,1.1340690092729986,-0.47449159888392095,0.7243087130417342,-0.32320426456217166,0.6096964803273209,0.7676494735787386,0
-0.39365191738523114,0.4326680371859242,-0.47449159888392095,-0.48546160391537146,-0.22367720719282044,0.6096964803273209,-1.3026778945578592,1
-0.39365191738523114,-0.5804667002731834,0.3466424736290867,0.7243087130417342,-0.061184052304083754,0.6096964803273209,-1.3026778945578592,1
-1.6017560776364572,-1.048067348331233,-0.47449159888392095,-0.48546160391537146,1.1067354984587112,0.6096964803273209,-1.3026778945578592,1
0.8144522428659949,-0.5804667002731834,-0.47449159888392095,-0.48546160391537146,-0.486713001668963,0.6096964803273209,0.7676494735787386,0
-1.6017560776364572,1.4458027746450317,-0.47449159888392095,-0.48546160391537146,-0.1235570498081253,0.6096964803273209,-1.3026778945578592,1
-0.39365191738523114,-0.5025332589301751,-0.47449159888392095,-0.48546160391537146,-0.38617036208155714,0.6096964803273209,0.7676494735787386,0
0.8144522428659949,-1.048067348331233,-0.47449159888392095,-0.48546160391537146,-0.486713001668963,0.6096964803273209,0.7676494735787386,0
